2000,139.87,0,22.222,500,22.222,1
1999,138.33,1.2969,22.222,500,22.222,1
1998,137.69,1.8336,22.222,500,22.222,1
1997,137.2,2.2455,22.222,500,22.222,0.98635
1996,136.79,2.589,22.222,500,22.222,0.9775
1995,136.42,2.8899,22.222,500,22.222,1
1994,136.09,3.167,22.222,500,22.222,1
1993,135.79,3.4217,22.222,500,22.222,1
1992,135.51,3.6586,22.222,500,22.222,1
1991,135.24,3.8811,22.222,500,22.222,0.99724
1990,134.99,4.091,22.222,500,22.222,1
1989,134.75,4.291,22.222,500,22.222,1
1988,134.52,4.4821,22.222,500,22.222,0.99466
1987,134.31,4.6646,22.222,500,22.222,1
1986,134.1,4.8409,22.222,500,22.222,0.99544
1985,133.89,5.0104,22.222,500,22.222,1
1984,133.7,5.1749,22.222,500,22.222,1
1983,133.51,5.3343,22.222,500,22.222,1
1982,133.32,5.489,22.222,500,22.222,1
1981,133.14,5.6395,22.222,500,22.222,1
1980,132.97,5.786,22.222,500,22.222,0.98491
1979,132.8,5.9272,22.222,500,22.222,1
1978,132.63,6.0668,22.222,500,22.222,1
1977,132.47,6.2032,22.222,500,22.222,1
1976,132.31,6.3366,22.222,500,22.222,1
1975,132.15,6.4673,22.222,500,22.222,1
1974,132,6.5954,22.222,500,22.222,1
1973,131.85,6.721,22.222,500,22.222,0.9975
1972,131.7,6.844,22.222,500,22.222,0.98988
1971,131.55,6.9642,22.222,500,22.222,1
1970,131.41,7.0832,22.222,500,22.222,1
1969,131.27,7.2002,22.222,500,22.222,1
1968,131.13,7.3154,22.222,500,22.222,1
1967,131,7.4288,22.222,500,22.222,1
1966,130.86,7.5404,22.222,500,22.222,0.99683
1965,130.73,7.6501,22.222,500,22.222,1
1964,130.6,7.7586,22.222,500,22.222,1
1963,130.48,7.8655,22.222,500,22.222,0.97245
1962,130.35,7.9686,22.222,500,22.222,1
1961,130.22,8.0728,22.222,500,22.222,1
1960,130.1,8.1756,22.222,500,22.222,1
1959,129.98,8.277,22.222,500,22.222,1
1958,129.86,8.3773,22.222,500,22.222,1
1957,129.74,8.4764,22.222,500,22.222,1
1956,129.62,8.5743,22.222,500,22.222,1
1955,129.51,8.671,22.222,500,22.222,1
1954,129.39,8.7668,22.222,500,22.222,1
1953,129.28,8.8614,22.222,500,22.222,1
1952,129.17,8.9551,22.222,500,22.222,1
1951,129.06,9.0477,22.222,500,22.222,1
1950,128.95,9.1395,22.222,500,22.222,1
1949,128.84,9.2303,22.222,500,22.222,1
1948,128.73,9.3202,22.222,500,22.222,0.99882
1947,128.62,9.4091,22.222,500,22.222,1
1946,128.52,9.4973,22.222,500,22.222,1
1945,128.41,9.5847,22.222,500,22.222,0.97663
1944,128.31,9.6696,22.222,500,22.222,1
1943,128.21,9.7554,22.222,500,22.222,1
1942,128.1,9.8405,22.222,500,22.222,0.99764
1941,128,9.9246,22.222,500,22.222,0.98844
1940,127.9,10.007,22.222,500,22.222,1
1939,127.8,10.09,22.222,500,22.222,1
1938,127.7,10.173,22.222,500,22.222,1
1937,127.61,10.254,22.222,500,22.222,1
1936,127.51,10.335,22.222,500,22.222,1
1935,127.41,10.415,22.222,500,22.222,1
1934,127.32,10.495,22.222,500,22.222,1
1933,127.22,10.574,22.222,500,22.222,1
1932,127.13,10.652,22.222,500,22.222,1
1931,127.03,10.73,22.222,500,22.222,1
1930,126.94,10.808,22.222,500,22.222,1
1929,126.85,10.884,22.222,500,22.222,1
1928,126.76,10.96,22.222,500,22.222,1
1927,126.67,11.036,22.222,500,22.222,1
1926,126.58,11.111,22.222,500,22.222,1
1925,126.49,11.186,22.222,500,22.222,1
1924,126.4,11.26,22.222,500,22.222,1
1923,126.31,11.334,22.222,500,22.222,1
1922,126.22,11.407,22.222,500,22.222,1
1921,126.13,11.479,22.222,500,22.222,1
1920,126.05,11.552,22.222,500,22.222,1
1919,125.96,11.623,22.222,500,22.222,1
1918,125.87,11.695,22.222,500,22.222,1
1917,125.79,11.765,22.222,500,22.222,1
1916,125.7,11.836,22.222,500,22.222,1
1915,125.62,11.906,22.222,500,22.222,1
1914,125.54,11.976,22.222,500,22.222,1
1913,125.45,12.045,22.222,500,22.222,1
1912,125.37,12.113,22.222,500,22.222,1
1911,125.29,12.18,22.222,500,22.222,0.99631
1910,125.21,12.247,22.222,500,22.222,1
1909,125.12,12.313,22.222,500,22.222,1
1908,125.04,12.379,22.222,500,22.222,1
1907,124.96,12.444,22.222,500,22.222,0.97953
1906,124.88,12.507,22.222,500,22.222,0.96301
1905,124.8,12.569,22.222,500,22.222,1
1904,124.72,12.632,22.222,500,22.222,1
1903,124.64,12.695,22.222,500,22.222,1
1902,124.57,12.757,22.222,500,22.222,1
1901,124.49,12.819,22.222,500,22.222,1
1900,124.41,12.88,22.222,500,22.222,1
1899,124.33,12.94,22.222,500,22.222,1
1898,124.26,13,22.222,500,22.222,1
1897,124.18,13.06,22.222,500,22.222,1
1896,124.1,13.118,22.222,500,22.222,1
1895,124.03,13.177,22.222,500,22.222,1
1894,123.95,13.235,22.222,500,22.222,1
1893,123.88,13.292,22.222,500,22.222,1
1892,123.8,13.35,22.222,500,22.222,1
1891,123.73,13.406,22.222,500,22.222,1
1890,123.65,13.462,22.222,500,22.222,1
1889,123.58,13.518,22.222,500,22.222,1
1888,123.5,13.574,22.222,500,22.222,1
1887,123.43,13.629,22.222,500,22.222,1
1886,123.36,13.683,22.222,500,22.222,1
1885,123.28,13.737,22.222,500,22.222,1
1884,123.21,13.791,22.222,500,22.222,1
1883,123.14,13.844,22.222,500,22.222,1
1882,123.07,13.897,22.222,500,22.222,1
1881,122.99,13.95,22.222,500,22.222,1
1880,122.92,14.002,22.222,500,22.222,1
1879,122.85,14.054,22.222,500,22.222,1
1878,122.78,14.105,22.222,500,22.222,1
1877,122.71,14.156,22.222,500,22.222,1
1876,122.64,14.206,22.222,500,22.222,1
1875,122.57,14.255,22.222,500,22.222,1
1874,122.5,14.305,22.222,500,22.222,1
1873,122.43,14.353,22.222,500,22.222,1
1872,122.36,14.402,22.222,500,22.222,0.97651
1871,122.29,14.449,22.222,500,22.222,1
1870,122.22,14.497,22.222,500,22.222,1
1869,122.15,14.544,22.222,500,22.222,0.96301
1868,122.08,14.589,22.222,500,22.222,1
1867,122.02,14.636,22.222,500,22.222,1
1866,121.95,14.682,22.222,500,22.222,0.98469
1865,121.88,14.727,22.222,500,22.222,1
1864,121.81,14.772,22.222,500,22.222,1
1863,121.74,14.817,22.222,500,22.222,1
1862,121.68,14.861,22.222,500,22.222,0.98935
1861,121.61,14.905,22.222,500,22.222,0.96032
1860,121.54,14.948,22.222,500,22.222,1
1859,121.48,14.991,22.222,500,22.222,1
1858,121.41,15.035,22.222,500,22.222,1
1857,121.34,15.078,22.222,500,22.222,1
1856,121.28,15.12,22.222,500,22.222,0.99882
1855,121.21,15.163,22.222,500,22.222,0.98744
1854,121.14,15.204,22.222,500,22.222,0.9897
1853,121.08,15.246,22.222,500,22.222,0.98622
1852,121.01,15.287,22.222,500,22.222,0.98374
1851,120.95,15.327,22.222,500,22.222,1
1850,120.88,15.368,22.222,500,22.222,1
1849,120.82,15.409,22.222,500,22.222,1
1848,120.75,15.449,22.222,500,22.222,1
1847,120.69,15.489,22.222,500,22.222,1
1846,120.62,15.529,22.222,500,22.222,1
1845,120.56,15.568,22.222,500,22.222,1
1844,120.5,15.608,22.222,500,22.222,1
1843,120.43,15.647,22.222,500,22.222,1
1842,120.37,15.685,22.222,500,22.222,1
1841,120.3,15.724,22.222,500,22.222,1
1840,120.24,15.762,22.222,500,22.222,1
1839,120.18,15.8,22.222,500,22.222,1
1838,120.11,15.838,22.222,500,22.222,1
1837,120.05,15.876,22.222,500,22.222,1
1836,119.99,15.913,22.222,500,22.222,1
1835,119.92,15.95,22.222,500,22.222,1
1834,119.86,15.987,22.222,500,22.222,1
1833,119.8,16.024,22.222,500,22.222,1
1832,119.74,16.06,22.222,500,22.222,1
1831,119.68,16.097,22.222,500,22.222,1
1830,119.61,16.133,22.222,500,22.222,1
1829,119.55,16.169,22.222,500,22.222,1
1828,119.49,16.204,22.222,500,22.222,1
1827,119.43,16.24,22.222,500,22.222,1
1826,119.37,16.275,22.222,500,22.222,1
1825,119.3,16.31,22.222,500,22.222,1
1824,119.24,16.345,22.222,500,22.222,1
1823,119.18,16.38,22.222,500,22.222,1
1822,119.12,16.414,22.222,500,22.222,1
1821,119.06,16.449,22.222,500,22.222,1
1820,119,16.483,22.222,500,22.222,1
1819,118.94,16.517,22.222,500,22.222,1
1818,118.88,16.55,22.222,500,22.222,1
1817,118.82,16.584,22.222,500,22.222,1
1816,118.76,16.618,22.222,500,22.222,1
1815,118.7,16.651,22.222,500,22.222,1
1814,118.64,16.684,22.222,500,22.222,1
1813,118.58,16.717,22.222,500,22.222,1
1812,118.52,16.75,22.222,500,22.222,1
1811,118.46,16.782,22.222,500,22.222,1
1810,118.4,16.815,22.222,500,22.222,1
1809,118.34,16.847,22.222,500,22.222,1
1808,118.28,16.879,22.222,500,22.222,1
1807,118.22,16.911,22.222,500,22.222,1
1806,118.16,16.943,22.222,500,22.222,1
1805,118.1,16.975,22.222,500,22.222,1
1804,118.04,17.007,22.222,500,22.222,1
1803,117.99,17.038,22.222,500,22.222,1
1802,117.93,17.069,22.222,500,22.222,1
1801,117.87,17.1,22.222,500,22.222,1
1800,117.81,17.131,22.222,500,22.222,1
1799,117.75,17.162,22.222,500,22.222,1
1798,117.69,17.193,22.222,500,22.222,1
1797,117.64,17.224,22.222,500,22.222,1
1796,117.58,17.254,22.222,500,22.222,1
1795,117.52,17.284,22.222,500,22.222,1
1794,117.46,17.314,22.222,500,22.222,1
1793,117.4,17.344,22.222,500,22.222,1
1792,117.35,17.374,22.222,500,22.222,1
1791,117.29,17.404,22.222,500,22.222,0.87406
1790,117.23,17.431,22.222,500,22.222,0.19842
1789,117.17,17.444,22.222,500,22.222,0.08142
1788,117.12,17.454,22.222,500,22.222,0.10941
1787,117.06,17.464,22.222,500,22.222,0
1786,117,17.473,22.222,500,22.222,0
1785,116.95,17.481,22.222,500,22.222,0
1784,116.89,17.489,22.222,500,22.222,0
1783,116.83,17.498,22.222,500,22.222,0
1782,116.77,17.506,22.222,500,22.222,0
1781,116.72,17.514,22.222,500,22.222,0
1780,116.66,17.522,22.222,500,22.222,0
1779,116.6,17.531,22.222,500,22.222,0
1778,116.55,17.539,22.222,500,22.222,0
1777,116.49,17.547,22.222,500,22.222,0
1776,116.43,17.555,22.222,500,22.222,0
1775,116.37,17.564,22.222,500,22.222,0
1774,116.32,17.572,22.222,500,22.222,0
1773,116.26,17.58,22.222,500,22.222,0
1772,116.2,17.588,22.222,500,22.222,0
1771,116.15,17.596,22.222,500,22.222,0
1770,116.09,17.605,22.222,500,22.222,0
1769,116.03,17.613,22.222,500,22.222,0
1768,115.98,17.621,22.222,500,22.222,0
1767,115.92,17.629,22.222,500,22.222,0
1766,115.86,17.638,22.222,500,22.222,0
1765,115.81,17.646,22.222,500,22.222,0
1764,115.75,17.654,22.222,500,22.222,0
1763,115.69,17.662,22.222,500,22.222,0
1762,115.64,17.67,22.222,500,22.222,0
1761,115.58,17.678,22.222,500,22.222,0
1760,115.52,17.687,22.222,500,22.222,0
1759,115.47,17.695,22.222,500,22.222,0
1758,115.41,17.703,22.222,500,22.222,0
1757,115.35,17.711,22.222,500,22.222,0
1756,115.3,17.719,22.222,500,22.222,0
1755,115.24,17.727,22.222,500,22.222,0
1754,115.18,17.736,22.222,500,22.222,0
1753,115.13,17.744,22.222,500,22.222,0
1752,115.07,17.752,22.222,500,22.222,0
1751,115.02,17.76,22.222,500,22.222,0
1750,114.96,17.768,22.222,500,22.222,0
1749,114.9,17.776,22.222,500,22.222,0
1748,114.85,17.784,22.222,500,22.222,0
1747,114.79,17.793,22.222,500,22.222,0
1746,114.73,17.801,22.222,500,22.222,0
1745,114.68,17.809,22.222,500,22.222,0
1744,114.62,17.817,22.222,500,22.222,0
1743,114.57,17.825,22.222,500,22.222,0
1742,114.51,17.833,22.222,500,22.222,0
1741,114.45,17.841,22.222,500,22.222,0
1740,114.4,17.849,22.222,500,22.222,0
1739,114.34,17.857,22.222,500,22.222,0
1738,114.29,17.865,22.222,500,22.222,0
1737,114.23,17.873,22.222,500,22.222,0
1736,114.17,17.882,22.222,500,22.222,0
1735,114.12,17.89,22.222,500,22.222,0
1734,114.06,17.898,22.222,500,22.222,0
1733,114.01,17.906,22.222,500,22.222,0
1732,113.95,17.914,22.222,500,22.222,0
1731,113.89,17.922,22.222,500,22.222,0
1730,113.84,17.93,22.222,500,22.222,0
1729,113.78,17.938,22.222,500,22.222,0
1728,113.73,17.946,22.222,500,22.222,0
1727,113.67,17.954,22.222,500,22.222,0
1726,113.62,17.962,22.222,500,22.222,0
1725,113.56,17.97,22.222,500,22.222,0
1724,113.5,17.978,22.222,500,22.222,0
1723,113.45,17.986,22.222,500,22.222,0
1722,113.39,17.994,22.222,500,22.222,0
1721,113.34,18.002,22.222,500,22.222,0
1720,113.28,18.01,22.222,500,22.222,0
1719,113.23,18.018,22.222,500,22.222,0
1718,113.17,18.026,22.222,500,22.222,0
1717,113.12,18.034,22.222,500,22.222,0
1716,113.06,18.042,22.222,500,22.222,0
1715,113.01,18.05,22.222,500,22.222,0
1714,112.95,18.058,22.222,500,22.222,0
1713,112.89,18.066,22.222,500,22.222,0
1712,112.84,18.074,22.222,500,22.222,0
1711,112.78,18.082,22.222,500,22.222,0
1710,112.73,18.09,22.222,500,22.222,0
1709,112.67,18.098,22.222,500,22.222,0
1708,112.62,18.106,22.222,500,22.222,0
1707,112.56,18.114,22.222,500,22.222,0
1706,112.51,18.122,22.222,500,22.222,0
1705,112.45,18.13,22.222,500,22.222,0
1704,112.4,18.137,22.222,500,22.222,0
1703,112.34,18.145,22.222,500,22.222,0
1702,112.29,18.153,22.222,500,22.222,0
1701,112.23,18.161,22.222,500,22.222,0
1700,112.18,18.169,22.222,500,22.222,0
1699,112.12,18.167,22.222,500,22.222,0
1698,112.07,18.166,22.222,500,22.222,0
1697,112.01,18.164,22.222,500,22.222,0
1696,111.96,18.162,22.222,500,22.222,0
1695,111.9,18.16,22.222,500,22.222,0
1694,111.85,18.158,22.222,500,22.222,0
1693,111.79,18.157,22.222,500,22.222,0
1692,111.74,18.155,22.222,500,22.222,0
1691,111.68,18.153,22.222,500,22.222,0
1690,111.63,18.151,22.222,500,22.222,0
1689,111.57,18.149,22.222,500,22.222,0
1688,111.52,18.148,22.222,500,22.222,0
1687,111.46,18.146,22.222,500,22.222,0
1686,111.41,18.144,22.222,500,22.222,0
1685,111.35,18.142,22.222,500,22.222,0
1684,111.3,18.14,22.222,500,22.222,0
1683,111.24,18.139,22.222,500,22.222,0
1682,111.19,18.137,22.222,500,22.222,0
1681,111.13,18.135,22.222,500,22.222,0
1680,111.07,18.133,22.222,500,22.222,0
1679,111.02,18.131,22.222,500,22.222,0
1678,110.96,18.129,22.222,500,22.222,0
1677,110.91,18.128,22.222,500,22.222,0
1676,110.85,18.126,22.222,500,22.222,0
1675,110.8,18.124,22.222,500,22.222,0
1674,110.74,18.122,22.222,500,22.222,0
1673,110.69,18.12,22.222,500,22.222,0
1672,110.63,18.119,22.222,500,22.222,0
1671,110.58,18.117,22.222,500,22.222,0
1670,110.52,18.115,22.222,500,22.222,0
1669,110.47,18.113,22.222,500,22.222,0
1668,110.41,18.111,22.222,500,22.222,0
1667,110.36,18.11,22.222,500,22.222,0
1666,110.3,18.108,22.222,500,22.222,0
1665,110.25,18.106,22.222,500,22.222,0
1664,110.19,18.104,22.222,500,22.222,0
1663,110.14,18.102,22.222,500,22.222,0
1662,110.08,18.101,22.222,500,22.222,0
1661,110.03,18.099,22.222,500,22.222,0
1660,109.97,18.097,22.222,500,22.222,0
1659,109.92,18.095,22.222,500,22.222,0
1658,109.86,18.093,22.222,500,22.222,0
1657,109.81,18.092,22.222,500,22.222,0
1656,109.75,18.09,22.222,500,22.222,0
1655,109.69,18.088,22.222,500,22.222,0
1654,109.64,18.086,22.222,500,22.222,0
1653,109.58,18.084,22.222,500,22.222,0
1652,109.53,18.083,22.222,500,22.222,0
1651,109.47,18.081,22.222,500,22.222,0
1650,109.42,18.079,22.222,500,22.222,0
1649,109.36,18.077,22.222,500,22.222,0
1648,109.31,18.075,22.222,500,22.222,0
1647,109.25,18.074,22.222,500,22.222,0
1646,109.2,18.072,22.222,500,22.222,0
1645,109.14,18.07,22.222,500,22.222,0
1644,109.09,18.068,22.222,500,22.222,0
1643,109.03,18.066,22.222,500,22.222,0
1642,108.98,18.065,22.222,500,22.222,0
1641,108.92,18.063,22.222,500,22.222,0
1640,108.86,18.061,22.222,500,22.222,0
1639,108.81,18.059,22.222,500,22.222,0
1638,108.75,18.057,22.222,500,22.222,0
1637,108.7,18.055,22.222,500,22.222,0
1636,108.64,18.054,22.222,500,22.222,0
1635,108.59,18.052,22.222,500,22.222,0
1634,108.53,18.05,22.222,500,22.222,0
1633,108.48,18.048,22.222,500,22.222,0
1632,108.42,18.046,22.222,500,22.222,0
1631,108.37,18.045,22.222,500,22.222,0
1630,108.31,18.043,22.222,500,22.222,0
1629,108.26,18.041,22.222,500,22.222,0
1628,108.2,18.039,22.222,500,22.222,0
1627,108.14,18.037,22.222,500,22.222,0
1626,108.09,18.036,22.222,500,22.222,0
1625,108.03,18.034,22.222,500,22.222,0
1624,107.98,18.032,22.222,500,22.222,0
1623,107.92,18.03,22.222,500,22.222,0
1622,107.87,18.028,22.222,500,22.222,0
1621,107.81,18.027,22.222,500,22.222,0
1620,107.76,18.025,22.222,500,22.222,0
1619,107.7,18.023,22.222,500,22.222,0
1618,107.65,18.021,22.222,500,22.222,0
1617,107.59,18.019,22.222,500,22.222,0
1616,107.53,18.018,22.222,500,22.222,0
1615,107.48,18.016,22.222,500,22.222,0
1614,107.42,18.014,22.222,500,22.222,0
1613,107.37,18.012,22.222,500,22.222,0
1612,107.31,18.01,22.222,500,22.222,0
1611,107.26,18.009,22.222,500,22.222,0
1610,107.2,18.007,22.222,500,22.222,0
1609,107.15,18.005,22.222,500,22.222,0
1608,107.09,18.003,22.222,500,22.222,0
1607,107.03,18.001,22.222,500,22.222,0
1606,106.98,17.999,22.222,500,22.222,0
1605,106.92,17.998,22.222,500,22.222,0
1604,106.87,17.996,22.222,500,22.222,0
1603,106.81,17.994,22.222,500,22.222,0
1602,106.76,17.992,22.222,500,22.222,0
1601,106.7,17.99,22.222,500,22.222,0
1600,106.65,17.989,22.222,500,22.222,0
1599,106.59,17.987,22.222,500,22.222,0
1598,106.53,17.985,22.222,500,22.222,0
1597,106.48,17.983,22.222,500,22.222,0
1596,106.42,17.981,22.222,500,22.222,0
1595,106.37,17.98,22.222,500,22.222,0
1594,106.31,17.978,22.222,500,22.222,0
1593,106.26,17.976,22.222,500,22.222,0
1592,106.2,17.974,22.222,500,22.222,0
1591,106.14,17.972,22.222,500,22.222,0
1590,106.09,17.971,22.222,500,22.222,0
1589,106.03,17.969,22.222,500,22.222,0
1588,105.98,17.967,22.222,500,22.222,0
1587,105.92,17.965,22.222,500,22.222,0
1586,105.87,17.963,22.222,500,22.222,0
1585,105.81,17.962,22.222,500,22.222,0
1584,105.76,17.96,22.222,500,22.222,0
1583,105.7,17.958,22.222,500,22.222,0
1582,105.64,17.956,22.222,500,22.222,0
1581,105.59,17.954,22.222,500,22.222,0
1580,105.53,17.953,22.222,500,22.222,0
1579,105.48,17.951,22.222,500,22.222,0
1578,105.42,17.949,22.222,500,22.222,0
1577,105.37,17.947,22.222,500,22.222,0
1576,105.31,17.945,22.222,500,22.222,0
1575,105.25,17.943,22.222,500,22.222,0
1574,105.2,17.942,22.222,500,22.222,0
1573,105.14,17.94,22.222,500,22.222,0
1572,105.09,17.938,22.222,500,22.222,0
1571,105.03,17.936,22.222,500,22.222,0
1570,104.98,17.934,22.222,500,22.222,0
1569,104.92,17.933,22.222,500,22.222,0
1568,104.86,17.931,22.222,500,22.222,0
1567,104.81,17.929,22.222,500,22.222,0
1566,104.75,17.927,22.222,500,22.222,0
1565,104.7,17.925,22.222,500,22.222,0
1564,104.64,17.924,22.222,500,22.222,0
1563,104.58,17.922,22.222,500,22.222,0
1562,104.53,17.92,22.222,500,22.222,0
1561,104.47,17.918,22.222,500,22.222,0
1560,104.42,17.916,22.222,500,22.222,0
1559,104.36,17.915,22.222,500,22.222,0
1558,104.31,17.913,22.222,500,22.222,0
1557,104.25,17.911,22.222,500,22.222,0
1556,104.19,17.909,22.222,500,22.222,0
1555,104.14,17.907,22.222,500,22.222,0
1554,104.08,17.906,22.222,500,22.222,0
1553,104.03,17.904,22.222,500,22.222,0
1552,103.97,17.902,22.222,500,22.222,0
1551,103.91,17.9,22.222,500,22.222,0
1550,103.86,17.898,22.222,500,22.222,0
1549,103.8,17.896,22.222,500,22.222,0
1548,103.75,17.895,22.222,500,22.222,0
1547,103.69,17.893,22.222,500,22.222,0
1546,103.64,17.891,22.222,500,22.222,0
1545,103.58,17.889,22.222,500,22.222,0
1544,103.52,17.887,22.222,500,22.222,0
1543,103.47,17.886,22.222,500,22.222,0
1542,103.41,17.884,22.222,500,22.222,0
1541,103.36,17.882,22.222,500,22.222,0
1540,103.3,17.88,22.222,500,22.222,0
1539,103.24,17.878,22.222,500,22.222,0
1538,103.19,17.877,22.222,500,22.222,0
1537,103.13,17.875,22.222,500,22.222,0
1536,103.08,17.873,22.222,500,22.222,0
1535,103.02,17.871,22.222,500,22.222,0
1534,102.96,17.869,22.222,500,22.222,0
1533,102.91,17.868,22.222,500,22.222,0
1532,102.85,17.866,22.222,500,22.222,0
1531,102.8,17.864,22.222,500,22.222,0
1530,102.74,17.862,22.222,500,22.222,0
1529,102.68,17.86,22.222,500,22.222,0
1528,102.63,17.858,22.222,500,22.222,0
1527,102.57,17.857,22.222,500,22.222,0
1526,102.52,17.855,22.222,500,22.222,0
1525,102.46,17.853,22.222,500,22.222,0
1524,102.4,17.851,22.222,500,22.222,0
1523,102.35,17.849,22.222,500,22.222,0
1522,102.29,17.848,22.222,500,22.222,0
1521,102.24,17.846,22.222,500,22.222,0
1520,102.18,17.844,22.222,500,22.222,0
1519,102.12,17.842,22.222,500,22.222,0
1518,102.07,17.84,22.222,500,22.222,0
1517,102.01,17.839,22.222,500,22.222,0
1516,101.96,17.837,22.222,500,22.222,0
1515,101.9,17.835,22.222,500,22.222,0
1514,101.84,17.833,22.222,500,22.222,0
1513,101.79,17.831,22.222,500,22.222,0
1512,101.73,17.83,22.222,500,22.222,0
1511,101.68,17.828,22.222,500,22.222,0
1510,101.62,17.826,22.222,500,22.222,0
1509,101.56,17.824,22.222,500,22.222,0
1508,101.51,17.822,22.222,500,22.222,0
1507,101.45,17.82,22.222,500,22.222,0
1506,101.4,17.819,22.222,500,22.222,0
1505,101.34,17.817,22.222,500,22.222,0
1504,101.28,17.815,22.222,500,22.222,0
1503,101.23,17.813,22.222,500,22.222,0
1502,101.17,17.811,22.222,500,22.222,0
1501,101.11,17.81,22.222,500,22.222,0
1500,101.06,17.808,22.222,500,22.222,0
1499,101,17.806,22.222,500,22.222,0
1498,100.95,17.804,22.222,500,22.222,0
1497,100.89,17.802,22.222,500,22.222,0
1496,100.83,17.801,22.222,500,22.222,0
1495,100.78,17.799,22.222,500,22.222,0
1494,100.72,17.797,22.222,500,22.222,0
1493,100.67,17.795,22.222,500,22.222,0
1492,100.61,17.793,22.222,500,22.222,0
1491,100.55,17.792,22.222,500,22.222,0
1490,100.5,17.79,22.222,500,22.222,0
1489,100.44,17.788,22.222,500,22.222,0
1488,100.38,17.786,22.222,500,22.222,0
1487,100.33,17.784,22.222,500,22.222,0
1486,100.27,17.782,22.222,500,22.222,0
1485,100.22,17.781,22.222,500,22.222,0
1484,100.16,17.779,22.222,500,22.222,0
1483,100.1,17.777,22.222,500,22.222,0
1482,100.05,17.775,22.222,500,22.222,0
1481,99.99,17.773,22.222,500,22.222,0
1480,99.934,17.772,22.222,500,22.222,0
1479,99.878,17.77,22.222,500,22.222,0
1478,99.821,17.768,22.222,500,22.222,0
1477,99.765,17.766,22.222,500,22.222,0
1476,99.709,17.764,22.222,500,22.222,0
1475,99.653,17.763,22.222,500,22.222,0
1474,99.596,17.761,22.222,500,22.222,0
1473,99.54,17.759,22.222,500,22.222,0
1472,99.484,17.757,22.222,500,22.222,0
1471,99.427,17.755,22.222,500,22.222,0
1470,99.371,17.754,22.222,500,22.222,0
1469,99.315,17.752,22.222,500,22.222,0
1468,99.258,17.75,22.222,500,22.222,0
1467,99.202,17.748,22.222,500,22.222,0
1466,99.146,17.746,22.222,500,22.222,0
1465,99.089,17.744,22.222,500,22.222,0
1464,99.033,17.743,22.222,500,22.222,0
1463,98.977,17.741,22.222,500,22.222,0
1462,98.92,17.739,22.222,500,22.222,0
1461,98.864,17.737,22.222,500,22.222,0
1460,98.808,17.735,22.222,500,22.222,0
1459,98.751,17.734,22.222,500,22.222,0
1458,98.695,17.732,22.222,500,22.222,0
1457,98.638,17.73,22.222,500,22.222,0
1456,98.582,17.728,22.222,500,22.222,0
1455,98.526,17.726,22.222,500,22.222,0
1454,98.469,17.725,22.222,500,22.222,0
1453,98.413,17.723,22.222,500,22.222,0
1452,98.356,17.721,22.222,500,22.222,0
1451,98.3,17.719,22.222,500,22.222,0
1450,98.243,17.717,22.222,500,22.222,0
1449,98.187,17.715,22.222,500,22.222,0
1448,98.13,17.714,22.222,500,22.222,0
1447,98.074,17.712,22.222,500,22.222,0
1446,98.018,17.71,22.222,500,22.222,0
1445,97.961,17.708,22.222,500,22.222,0
1444,97.905,17.706,22.222,500,22.222,0
1443,97.848,17.705,22.222,500,22.222,0
1442,97.792,17.703,22.222,500,22.222,0
1441,97.735,17.701,22.222,500,22.222,0
1440,97.679,17.699,22.222,500,22.222,0
1439,97.622,17.697,22.222,500,22.222,0
1438,97.566,17.696,22.222,500,22.222,0
1437,97.509,17.694,22.222,500,22.222,0
1436,97.453,17.692,22.222,500,22.222,0
1435,97.396,17.69,22.222,500,22.222,0
1434,97.34,17.688,22.222,500,22.222,0
1433,97.283,17.686,22.222,500,22.222,0
1432,97.226,17.685,22.222,500,22.222,0
1431,97.17,17.683,22.222,500,22.222,0
1430,97.113,17.681,22.222,500,22.222,0
1429,97.057,17.679,22.222,500,22.222,0
1428,97,17.677,22.222,500,22.222,0
1427,96.944,17.676,22.222,500,22.222,0
1426,96.887,17.674,22.222,500,22.222,0
1425,96.831,17.672,22.222,500,22.222,0
1424,96.774,17.67,22.222,500,22.222,0
1423,96.717,17.668,22.222,500,22.222,0
1422,96.661,17.667,22.222,500,22.222,0
1421,96.604,17.665,22.222,500,22.222,0
1420,96.548,17.663,22.222,500,22.222,0
1419,96.491,17.661,22.222,500,22.222,0
1418,96.434,17.659,22.222,500,22.222,0
1417,96.378,17.657,22.222,500,22.222,0
1416,96.321,17.656,22.222,500,22.222,0
1415,96.264,17.654,22.222,500,22.222,0
1414,96.208,17.652,22.222,500,22.222,0
1413,96.151,17.65,22.222,500,22.222,0
1412,96.094,17.648,22.222,500,22.222,0
1411,96.038,17.647,22.222,500,22.222,0
1410,95.981,17.645,22.222,500,22.222,0
1409,95.924,17.643,22.222,500,22.222,0
1408,95.868,17.641,22.222,500,22.222,0
1407,95.811,17.639,22.222,500,22.222,0
1406,95.754,17.638,22.222,500,22.222,0
1405,95.698,17.636,22.222,500,22.222,0
1404,95.641,17.634,22.222,500,22.222,0
1403,95.584,17.632,22.222,500,22.222,0
1402,95.527,17.63,22.222,500,22.222,0
1401,95.471,17.628,22.222,500,22.222,0
1400,95.414,17.627,22.222,500,22.222,0
1399,95.357,17.625,22.222,500,22.222,0
1398,95.301,17.623,22.222,500,22.222,0
1397,95.244,17.621,22.222,500,22.222,0
1396,95.187,17.619,22.222,500,22.222,0
1395,95.13,17.618,22.222,500,22.222,0
1394,95.074,17.616,22.222,500,22.222,0
1393,95.017,17.614,22.222,500,22.222,0
1392,94.96,17.612,22.222,500,22.222,0
1391,94.903,17.61,22.222,500,22.222,0
1390,94.846,17.609,22.222,500,22.222,0
1389,94.79,17.607,22.222,500,22.222,0
1388,94.733,17.605,22.222,500,22.222,0
1387,94.676,17.603,22.222,500,22.222,0
1386,94.619,17.601,22.222,500,22.222,0
1385,94.562,17.599,22.222,500,22.222,0
1384,94.506,17.598,22.222,500,22.222,0
1383,94.449,17.596,22.222,500,22.222,0
1382,94.392,17.594,22.222,500,22.222,0
1381,94.335,17.592,22.222,500,22.222,0
1380,94.278,17.59,22.222,500,22.222,0
1379,94.221,17.589,22.222,500,22.222,0
1378,94.165,17.587,22.222,500,22.222,0
1377,94.108,17.585,22.222,500,22.222,0
1376,94.051,17.583,22.222,500,22.222,0
1375,93.994,17.581,22.222,500,22.222,0
1374,93.937,17.58,22.222,500,22.222,0
1373,93.88,17.578,22.222,500,22.222,0
1372,93.823,17.576,22.222,500,22.222,0
1371,93.766,17.574,22.222,500,22.222,0
1370,93.709,17.572,22.222,500,22.222,0
1369,93.653,17.57,22.222,500,22.222,0
1368,93.596,17.569,22.222,500,22.222,0
1367,93.539,17.567,22.222,500,22.222,0
1366,93.482,17.565,22.222,500,22.222,0
1365,93.425,17.563,22.222,500,22.222,0
1364,93.368,17.561,22.222,500,22.222,0
1363,93.311,17.56,22.222,500,22.222,0
1362,93.254,17.558,22.222,500,22.222,0
1361,93.197,17.556,22.222,500,22.222,0
1360,93.14,17.554,22.222,500,22.222,0
1359,93.083,17.552,22.222,500,22.222,0
1358,93.026,17.55,22.222,500,22.222,0
1357,92.969,17.549,22.222,500,22.222,0
1356,92.912,17.547,22.222,500,22.222,0
1355,92.855,17.545,22.222,500,22.222,0
1354,92.798,17.543,22.222,500,22.222,0
1353,92.741,17.541,22.222,500,22.222,0
1352,92.684,17.54,22.222,500,22.222,0
1351,92.627,17.538,22.222,500,22.222,0
1350,92.57,17.536,22.222,500,22.222,0
1349,92.513,17.534,22.222,500,22.222,0
1348,92.456,17.532,22.222,500,22.222,0
1347,92.399,17.531,22.222,500,22.222,0
1346,92.342,17.529,22.222,500,22.222,0
1345,92.285,17.527,22.222,500,22.222,0
1344,92.228,17.525,22.222,500,22.222,0
1343,92.171,17.523,22.222,500,22.222,0
1342,92.114,17.521,22.222,500,22.222,0
1341,92.057,17.52,22.222,500,22.222,0
1340,92,17.518,22.222,500,22.222,0
1339,91.942,17.516,22.222,500,22.222,0
1338,91.885,17.514,22.222,500,22.222,0
1337,91.828,17.512,22.222,500,22.222,0
1336,91.771,17.511,22.222,500,22.222,0
1335,91.714,17.509,22.222,500,22.222,0
1334,91.657,17.507,22.222,500,22.222,0
1333,91.6,17.505,22.222,500,22.222,0
1332,91.543,17.503,22.222,500,22.222,0
1331,91.486,17.501,22.222,500,22.222,0
1330,91.428,17.5,22.222,500,22.222,0
1329,91.371,17.498,22.222,500,22.222,0
1328,91.314,17.496,22.222,500,22.222,0
1327,91.257,17.494,22.222,500,22.222,0
1326,91.2,17.492,22.222,500,22.222,0
1325,91.143,17.491,22.222,500,22.222,0
1324,91.085,17.489,22.222,500,22.222,0
1323,91.028,17.487,22.222,500,22.222,0
1322,90.971,17.485,22.222,500,22.222,0
1321,90.914,17.483,22.222,500,22.222,0
1320,90.857,17.482,22.222,500,22.222,0
1319,90.799,17.48,22.222,500,22.222,0
1318,90.742,17.478,22.222,500,22.222,0
1317,90.685,17.476,22.222,500,22.222,0
1316,90.628,17.474,22.222,500,22.222,0
1315,90.571,17.472,22.222,500,22.222,0
1314,90.513,17.471,22.222,500,22.222,0
1313,90.456,17.469,22.222,500,22.222,0
1312,90.399,17.467,22.222,500,22.222,0
1311,90.342,17.465,22.222,500,22.222,0
1310,90.284,17.463,22.222,500,22.222,0
1309,90.227,17.462,22.222,500,22.222,0
1308,90.17,17.46,22.222,500,22.222,0
1307,90.113,17.458,22.222,500,22.222,0
1306,90.055,17.456,22.222,500,22.222,0
1305,89.998,17.454,22.222,500,22.222,0
1304,89.941,17.452,22.222,500,22.222,0
1303,89.883,17.451,22.222,500,22.222,0
1302,89.826,17.449,22.222,500,22.222,0
1301,89.769,17.447,22.222,500,22.222,0
1300,89.711,17.445,22.222,500,22.222,0
1299,89.654,17.443,22.222,500,22.222,0
1298,89.597,17.442,22.222,500,22.222,0
1297,89.539,17.44,22.222,500,22.222,0
1296,89.482,17.438,22.222,500,22.222,0
1295,89.425,17.436,22.222,500,22.222,0
1294,89.367,17.434,22.222,500,22.222,0
1293,89.31,17.432,22.222,500,22.222,0
1292,89.253,17.431,22.222,500,22.222,0
1291,89.195,17.429,22.222,500,22.222,0
1290,89.138,17.427,22.222,500,22.222,0
1289,89.08,17.425,22.222,500,22.222,0
1288,89.023,17.423,22.222,500,22.222,0
1287,88.966,17.422,22.222,500,22.222,0
1286,88.908,17.42,22.222,500,22.222,0
1285,88.851,17.418,22.222,500,22.222,0
1284,88.793,17.416,22.222,500,22.222,0
1283,88.736,17.414,22.222,500,22.222,0
1282,88.679,17.412,22.222,500,22.222,0
1281,88.621,17.411,22.222,500,22.222,0
1280,88.564,17.409,22.222,500,22.222,0
1279,88.506,17.407,22.222,500,22.222,0
1278,88.449,17.405,22.222,500,22.222,0
1277,88.391,17.403,22.222,500,22.222,0
1276,88.334,17.402,22.222,500,22.222,0
1275,88.276,17.4,22.222,500,22.222,0
1274,88.219,17.398,22.222,500,22.222,0
1273,88.162,17.396,22.222,500,22.222,0
1272,88.104,17.394,22.222,500,22.222,0
1271,88.047,17.392,22.222,500,22.222,0
1270,87.989,17.391,22.222,500,22.222,0
1269,87.932,17.389,22.222,500,22.222,0
1268,87.874,17.387,22.222,500,22.222,0
1267,87.817,17.385,22.222,500,22.222,0
1266,87.759,17.383,22.222,500,22.222,0
1265,87.701,17.382,22.222,500,22.222,0
1264,87.644,17.38,22.222,500,22.222,0
1263,87.586,17.378,22.222,500,22.222,0
1262,87.529,17.376,22.222,500,22.222,0
1261,87.471,17.374,22.222,500,22.222,0
1260,87.414,17.372,22.222,500,22.222,0
1259,87.356,17.371,22.222,500,22.222,0
1258,87.299,17.369,22.222,500,22.222,0
1257,87.241,17.367,22.222,500,22.222,0
1256,87.183,17.365,22.222,500,22.222,0
1255,87.126,17.363,22.222,500,22.222,0
1254,87.068,17.362,22.222,500,22.222,0
1253,87.011,17.36,22.222,500,22.222,0
1252,86.953,17.358,22.222,500,22.222,0
1251,86.895,17.356,22.222,500,22.222,0
1250,86.838,17.354,22.222,500,22.222,0
1249,86.78,17.352,22.222,500,22.222,0
1248,86.723,17.351,22.222,500,22.222,0
1247,86.665,17.349,22.222,500,22.222,0
1246,86.607,17.347,22.222,500,22.222,0
1245,86.55,17.345,22.222,500,22.222,0
1244,86.492,17.343,22.222,500,22.222,0
1243,86.434,17.342,22.222,500,22.222,0
1242,86.377,17.34,22.222,500,22.222,0
1241,86.319,17.338,22.222,500,22.222,0
1240,86.261,17.336,22.222,500,22.222,0
1239,86.204,17.334,22.222,500,22.222,0
1238,86.146,17.332,22.222,500,22.222,0
1237,86.088,17.331,22.222,500,22.222,0
1236,86.03,17.329,22.222,500,22.222,0
1235,85.973,17.327,22.222,500,22.222,0
1234,85.915,17.325,22.222,500,22.222,0
1233,85.857,17.323,22.222,500,22.222,0
1232,85.8,17.322,22.222,500,22.222,0
1231,85.742,17.32,22.222,500,22.222,0
1230,85.684,17.318,22.222,500,22.222,0
1229,85.626,17.316,22.222,500,22.222,0
1228,85.569,17.314,22.222,500,22.222,0
1227,85.511,17.312,22.222,500,22.222,0
1226,85.453,17.311,22.222,500,22.222,0
1225,85.395,17.309,22.222,500,22.222,0
1224,85.338,17.307,22.222,500,22.222,0
1223,85.28,17.305,22.222,500,22.222,0
1222,85.222,17.303,22.222,500,22.222,0
1221,85.164,17.302,22.222,500,22.222,0
1220,85.106,17.3,22.222,500,22.222,0
1219,85.049,17.298,22.222,500,22.222,0
1218,84.991,17.296,22.222,500,22.222,0
1217,84.933,17.294,22.222,500,22.222,0
1216,84.875,17.292,22.222,500,22.222,0
1215,84.817,17.291,22.222,500,22.222,0
1214,84.759,17.289,22.222,500,22.222,0
1213,84.702,17.287,22.222,500,22.222,0
1212,84.644,17.285,22.222,500,22.222,0
1211,84.586,17.283,22.222,500,22.222,0
1210,84.528,17.282,22.222,500,22.222,0
1209,84.47,17.28,22.222,500,22.222,0
1208,84.412,17.278,22.222,500,22.222,0
1207,84.354,17.276,22.222,500,22.222,0
1206,84.297,17.274,22.222,500,22.222,0
1205,84.239,17.272,22.222,500,22.222,0
1204,84.181,17.271,22.222,500,22.222,0
1203,84.123,17.269,22.222,500,22.222,0
1202,84.065,17.267,22.222,500,22.222,0
1201,84.007,17.265,22.222,500,22.222,0
1200,83.949,17.263,22.222,500,22.222,0
1199,83.891,17.262,22.222,500,22.222,0
1198,83.833,17.26,22.222,500,22.222,0
1197,83.775,17.258,22.222,500,22.222,0
1196,83.717,17.256,22.222,500,22.222,0
1195,83.659,17.254,22.222,500,22.222,0
1194,83.601,17.252,22.222,500,22.222,0
1193,83.543,17.251,22.222,500,22.222,0
1192,83.485,17.249,22.222,500,22.222,0
1191,83.428,17.247,22.222,500,22.222,0
1190,83.37,17.245,22.222,500,22.222,0
1189,83.312,17.243,22.222,500,22.222,0
1188,83.254,17.241,22.222,500,22.222,0
1187,83.196,17.24,22.222,500,22.222,0
1186,83.138,17.238,22.222,500,22.222,0
1185,83.08,17.236,22.222,500,22.222,0
1184,83.021,17.234,22.222,500,22.222,0
1183,82.963,17.232,22.222,500,22.222,0
1182,82.905,17.231,22.222,500,22.222,0
1181,82.847,17.229,22.222,500,22.222,0
1180,82.789,17.227,22.222,500,22.222,0
1179,82.731,17.225,22.222,500,22.222,0
1178,82.673,17.223,22.222,500,22.222,0
1177,82.615,17.221,22.222,500,22.222,0
1176,82.557,17.22,22.222,500,22.222,0
1175,82.499,17.218,22.222,500,22.222,0
1174,82.441,17.216,22.222,500,22.222,0
1173,82.383,17.214,22.222,500,22.222,0
1172,82.325,17.212,22.222,500,22.222,0
1171,82.267,17.211,22.222,500,22.222,0
1170,82.209,17.209,22.222,500,22.222,0
1169,82.15,17.207,22.222,500,22.222,0
1168,82.092,17.205,22.222,500,22.222,0
1167,82.034,17.203,22.222,500,22.222,0
1166,81.976,17.201,22.222,500,22.222,0
1165,81.918,17.2,22.222,500,22.222,0
1164,81.86,17.198,22.222,500,22.222,0
1163,81.802,17.196,22.222,500,22.222,0
1162,81.743,17.194,22.222,500,22.222,0
1161,81.685,17.192,22.222,500,22.222,0
1160,81.627,17.19,22.222,500,22.222,0
1159,81.569,17.189,22.222,500,22.222,0
1158,81.511,17.187,22.222,500,22.222,0
1157,81.453,17.185,22.222,500,22.222,0
1156,81.394,17.183,22.222,500,22.222,0
1155,81.336,17.181,22.222,500,22.222,0
1154,81.278,17.18,22.222,500,22.222,0
1153,81.22,17.178,22.222,500,22.222,0
1152,81.162,17.176,22.222,500,22.222,0
1151,81.103,17.174,22.222,500,22.222,0
1150,81.045,17.172,22.222,500,22.222,0
1149,80.987,17.17,22.222,500,22.222,0
1148,80.929,17.169,22.222,500,22.222,0
1147,80.87,17.167,22.222,500,22.222,0
1146,80.812,17.165,22.222,500,22.222,0
1145,80.754,17.163,22.222,500,22.222,0
1144,80.696,17.161,22.222,500,22.222,0
1143,80.637,17.16,22.222,500,22.222,0
1142,80.579,17.158,22.222,500,22.222,0
1141,80.521,17.156,22.222,500,22.222,0
1140,80.462,17.154,22.222,500,22.222,0
1139,80.404,17.152,22.222,500,22.222,0
1138,80.346,17.15,22.222,500,22.222,0
1137,80.288,17.149,22.222,500,22.222,0
1136,80.229,17.147,22.222,500,22.222,0
1135,80.171,17.145,22.222,500,22.222,0
1134,80.113,17.143,22.222,500,22.222,0
1133,80.054,17.141,22.222,500,22.222,0
1132,79.996,17.139,22.222,500,22.222,0
1131,79.938,17.138,22.222,500,22.222,0
1130,79.879,17.136,22.222,500,22.222,0
1129,79.821,17.134,22.222,500,22.222,0
1128,79.762,17.132,22.222,500,22.222,0
1127,79.704,17.13,22.222,500,22.222,0
1126,79.646,17.129,22.222,500,22.222,0
1125,79.587,17.127,22.222,500,22.222,0
1124,79.529,17.125,22.222,500,22.222,0
1123,79.471,17.123,22.222,500,22.222,0
1122,79.412,17.121,22.222,500,22.222,0
1121,79.354,17.119,22.222,500,22.222,0
1120,79.295,17.118,22.222,500,22.222,0
1119,79.237,17.116,22.222,500,22.222,0
1118,79.178,17.114,22.222,500,22.222,0
1117,79.12,17.112,22.222,500,22.222,0
1116,79.062,17.11,22.222,500,22.222,0
1115,79.003,17.108,22.222,500,22.222,0
1114,78.945,17.107,22.222,500,22.222,0
1113,78.886,17.105,22.222,500,22.222,0
1112,78.828,17.103,22.222,500,22.222,0
1111,78.769,17.101,22.222,500,22.222,0
1110,78.711,17.099,22.222,500,22.222,0
1109,78.652,17.098,22.222,500,22.222,0
1108,78.594,17.096,22.222,500,22.222,0
1107,78.535,17.094,22.222,500,22.222,0
1106,78.477,17.092,22.222,500,22.222,0
1105,78.418,17.09,22.222,500,22.222,0
1104,78.36,17.088,22.222,500,22.222,0
1103,78.301,17.087,22.222,500,22.222,0
1102,78.243,17.085,22.222,500,22.222,0
1101,78.184,17.083,22.222,500,22.222,0
1100,78.126,17.081,22.222,500,22.222,0
1099,78.067,17.079,22.222,500,22.222,0
1098,78.009,17.077,22.222,500,22.222,0
1097,77.95,17.076,22.222,500,22.222,0
1096,77.891,17.074,22.222,500,22.222,0
1095,77.833,17.072,22.222,500,22.222,0
1094,77.774,17.07,22.222,500,22.222,0
1093,77.716,17.068,22.222,500,22.222,0
1092,77.657,17.067,22.222,500,22.222,0
1091,77.599,17.065,22.222,500,22.222,0
1090,77.54,17.063,22.222,500,22.222,0
1089,77.481,17.061,22.222,500,22.222,0
1088,77.423,17.059,22.222,500,22.222,0
1087,77.364,17.057,22.222,500,22.222,0
1086,77.305,17.056,22.222,500,22.222,0
1085,77.247,17.054,22.222,500,22.222,0
1084,77.188,17.052,22.222,500,22.222,0
1083,77.13,17.05,22.222,500,22.222,0
1082,77.071,17.048,22.222,500,22.222,0
1081,77.012,17.046,22.222,500,22.222,0
1080,76.954,17.045,22.222,500,22.222,0
1079,76.895,17.043,22.222,500,22.222,0
1078,76.836,17.041,22.222,500,22.222,0
1077,76.778,17.039,22.222,500,22.222,0
1076,76.719,17.037,22.222,500,22.222,0
1075,76.66,17.035,22.222,500,22.222,0
1074,76.601,17.034,22.222,500,22.222,0
1073,76.543,17.032,22.222,500,22.222,0
1072,76.484,17.03,22.222,500,22.222,0
1071,76.425,17.028,22.222,500,22.222,0
1070,76.367,17.026,22.222,500,22.222,0
1069,76.308,17.025,22.222,500,22.222,0
1068,76.249,17.023,22.222,500,22.222,0
1067,76.19,17.021,22.222,500,22.222,0
1066,76.132,17.019,22.222,500,22.222,0
1065,76.073,17.017,22.222,500,22.222,0
1064,76.014,17.015,22.222,500,22.222,0
1063,75.955,17.014,22.222,500,22.222,0
1062,75.896,17.012,22.222,500,22.222,0
1061,75.838,17.01,22.222,500,22.222,0
1060,75.779,17.008,22.222,500,22.222,0
1059,75.72,17.006,22.222,500,22.222,0
1058,75.661,17.004,22.222,500,22.222,0
1057,75.602,17.003,22.222,500,22.222,0
1056,75.544,17.001,22.222,500,22.222,0
1055,75.485,16.999,22.222,500,22.222,0
1054,75.426,16.997,22.222,500,22.222,0
1053,75.367,16.995,22.222,500,22.222,0
1052,75.308,16.994,22.222,500,22.222,0
1051,75.249,16.992,22.222,500,22.222,0
1050,75.191,16.99,22.222,500,22.222,0
1049,75.132,16.988,22.222,500,22.222,0
1048,75.073,16.986,22.222,500,22.222,0
1047,75.014,16.984,22.222,500,22.222,0
1046,74.955,16.983,22.222,500,22.222,0
1045,74.896,16.981,22.222,500,22.222,0
1044,74.837,16.979,22.222,500,22.222,0
1043,74.778,16.977,22.222,500,22.222,0
1042,74.72,16.975,22.222,500,22.222,0
1041,74.661,16.973,22.222,500,22.222,0
1040,74.602,16.972,22.222,500,22.222,0
1039,74.543,16.97,22.222,500,22.222,0
1038,74.484,16.968,22.222,500,22.222,0
1037,74.425,16.966,22.222,500,22.222,0
1036,74.366,16.964,22.222,500,22.222,0
1035,74.307,16.962,22.222,500,22.222,0
1034,74.248,16.961,22.222,500,22.222,0
1033,74.189,16.959,22.222,500,22.222,0
1032,74.13,16.957,22.222,500,22.222,0
1031,74.071,16.955,22.222,500,22.222,0
1030,74.012,16.953,22.222,500,22.222,0
1029,73.953,16.952,22.222,500,22.222,0
1028,73.894,16.95,22.222,500,22.222,0
1027,73.835,16.948,22.222,500,22.222,0
1026,73.776,16.946,22.222,500,22.222,0
1025,73.717,16.944,22.222,500,22.222,0
1024,73.658,16.942,22.222,500,22.222,0
1023,73.599,16.941,22.222,500,22.222,0
1022,73.54,16.939,22.222,500,22.222,0
1021,73.481,16.937,22.222,500,22.222,0
1020,73.422,16.935,22.222,500,22.222,0
1019,73.363,16.933,22.222,500,22.222,0
1018,73.304,16.931,22.222,500,22.222,0
1017,73.245,16.93,22.222,500,22.222,0
1016,73.186,16.928,22.222,500,22.222,0
1015,73.127,16.926,22.222,500,22.222,0
1014,73.068,16.924,22.222,500,22.222,0
1013,73.009,16.922,22.222,500,22.222,0
1012,72.949,16.92,22.222,500,22.222,0
1011,72.89,16.919,22.222,500,22.222,0
1010,72.831,16.917,22.222,500,22.222,0
1009,72.772,16.915,22.222,500,22.222,0
1008,72.713,16.913,22.222,500,22.222,0
1007,72.654,16.911,22.222,500,22.222,0
1006,72.595,16.909,22.222,500,22.222,0
1005,72.536,16.908,22.222,500,22.222,0
1004,72.476,16.906,22.222,500,22.222,0
1003,72.417,16.904,22.222,500,22.222,0
1002,72.358,16.902,22.222,500,22.222,0
1001,72.299,16.9,22.222,500,22.222,0
1000,72.24,16.899,22.222,500,22.222,0
999,72.181,16.897,22.222,500,22.222,0
998,72.121,16.895,22.222,500,22.222,0
997,72.062,16.893,22.222,500,22.222,0
996,72.003,16.891,22.222,500,22.222,0
995,71.944,16.889,22.222,500,22.222,0
994,71.885,16.888,22.222,500,22.222,0
993,71.825,16.886,22.222,500,22.222,0
992,71.766,16.884,22.222,500,22.222,0
991,71.707,16.882,22.222,500,22.222,0
990,71.648,16.88,22.222,500,22.222,0
989,71.588,16.878,22.222,500,22.222,0
988,71.529,16.877,22.222,500,22.222,0
987,71.47,16.875,22.222,500,22.222,0
986,71.411,16.873,22.222,500,22.222,0
985,71.351,16.871,22.222,500,22.222,0
984,71.292,16.869,22.222,500,22.222,0
983,71.233,16.867,22.222,500,22.222,0
982,71.174,16.866,22.222,500,22.222,0
981,71.114,16.864,22.222,500,22.222,0
980,71.055,16.862,22.222,500,22.222,0
979,70.996,16.86,22.222,500,22.222,0
978,70.936,16.858,22.222,500,22.222,0
977,70.877,16.856,22.222,500,22.222,0
976,70.818,16.855,22.222,500,22.222,0
975,70.758,16.853,22.222,500,22.222,0
974,70.699,16.851,22.222,500,22.222,0
973,70.64,16.849,22.222,500,22.222,0
972,70.58,16.847,22.222,500,22.222,0
971,70.521,16.845,22.222,500,22.222,0
970,70.462,16.844,22.222,500,22.222,0
969,70.402,16.842,22.222,500,22.222,0
968,70.343,16.84,22.222,500,22.222,0
967,70.283,16.838,22.222,500,22.222,0
966,70.224,16.836,22.222,500,22.222,0
965,70.165,16.834,22.222,500,22.222,0
964,70.105,16.833,22.222,500,22.222,0
963,70.046,16.831,22.222,500,22.222,0
962,69.986,16.829,22.222,500,22.222,0
961,69.927,16.827,22.222,500,22.222,0
960,69.868,16.825,22.222,500,22.222,0
959,69.808,16.824,22.222,500,22.222,0
958,69.749,16.822,22.222,500,22.222,0
957,69.689,16.82,22.222,500,22.222,0
956,69.63,16.818,22.222,500,22.222,0
955,69.57,16.816,22.222,500,22.222,0
954,69.511,16.814,22.222,500,22.222,0
953,69.451,16.813,22.222,500,22.222,0
952,69.392,16.811,22.222,500,22.222,0
951,69.332,16.809,22.222,500,22.222,0
950,69.273,16.807,22.222,500,22.222,0
949,69.213,16.805,22.222,500,22.222,0
948,69.154,16.803,22.222,500,22.222,0
947,69.094,16.802,22.222,500,22.222,0
946,69.035,16.8,22.222,500,22.222,0
945,68.975,16.798,22.222,500,22.222,0
944,68.916,16.796,22.222,500,22.222,0
943,68.856,16.794,22.222,500,22.222,0
942,68.797,16.792,22.222,500,22.222,0
941,68.737,16.791,22.222,500,22.222,0
940,68.678,16.789,22.222,500,22.222,0
939,68.618,16.787,22.222,500,22.222,0
938,68.558,16.785,22.222,500,22.222,0
937,68.499,16.783,22.222,500,22.222,0
936,68.439,16.781,22.222,500,22.222,0
935,68.38,16.78,22.222,500,22.222,0
934,68.32,16.778,22.222,500,22.222,0
933,68.26,16.776,22.222,500,22.222,0
932,68.201,16.774,22.222,500,22.222,0
931,68.141,16.772,22.222,500,22.222,0
930,68.082,16.77,22.222,500,22.222,0
929,68.022,16.769,22.222,500,22.222,0
928,67.962,16.767,22.222,500,22.222,0
927,67.903,16.765,22.222,500,22.222,0
926,67.843,16.763,22.222,500,22.222,0
925,67.783,16.761,22.222,500,22.222,0
924,67.724,16.759,22.222,500,22.222,0
923,67.664,16.758,22.222,500,22.222,0
922,67.604,16.756,22.222,500,22.222,0
921,67.545,16.754,22.222,500,22.222,0
920,67.485,16.752,22.222,500,22.222,0
919,67.425,16.75,22.222,500,22.222,0
918,67.366,16.748,22.222,500,22.222,0
917,67.306,16.747,22.222,500,22.222,0
916,67.246,16.745,22.222,500,22.222,0
915,67.186,16.743,22.222,500,22.222,0
914,67.127,16.741,22.222,500,22.222,0
913,67.067,16.739,22.222,500,22.222,0
912,67.007,16.737,22.222,500,22.222,0
911,66.947,16.736,22.222,500,22.222,0
910,66.888,16.734,22.222,500,22.222,0
909,66.828,16.732,22.222,500,22.222,0
908,66.768,16.73,22.222,500,22.222,0
907,66.708,16.728,22.222,500,22.222,0
906,66.649,16.726,22.222,500,22.222,0
905,66.589,16.725,22.222,500,22.222,0
904,66.529,16.723,22.222,500,22.222,0
903,66.469,16.721,22.222,500,22.222,0
902,66.409,16.719,22.222,500,22.222,0
901,66.35,16.717,22.222,500,22.222,0
900,66.29,16.715,22.222,500,22.222,0
899,66.23,16.714,22.222,500,22.222,0
898,66.17,16.712,22.222,500,22.222,0
897,66.11,16.71,22.222,500,22.222,0
896,66.05,16.708,22.222,500,22.222,0
895,65.991,16.706,22.222,500,22.222,0
894,65.931,16.704,22.222,500,22.222,0
893,65.871,16.703,22.222,500,22.222,0
892,65.811,16.701,22.222,500,22.222,0
891,65.751,16.699,22.222,500,22.222,0
890,65.691,16.697,22.222,500,22.222,0
889,65.631,16.695,22.222,500,22.222,0
888,65.571,16.693,22.222,500,22.222,0
887,65.512,16.692,22.222,500,22.222,0
886,65.452,16.69,22.222,500,22.222,0
885,65.392,16.688,22.222,500,22.222,0
884,65.332,16.686,22.222,500,22.222,0
883,65.272,16.684,22.222,500,22.222,0
882,65.212,16.682,22.222,500,22.222,0
881,65.152,16.681,22.222,500,22.222,0
880,65.092,16.679,22.222,500,22.222,0
879,65.032,16.677,22.222,500,22.222,0
878,64.972,16.675,22.222,500,22.222,0
877,64.912,16.673,22.222,500,22.222,0
876,64.852,16.671,22.222,500,22.222,0
875,64.792,16.67,22.222,500,22.222,0
874,64.732,16.668,22.222,500,22.222,0
873,64.672,16.666,22.222,500,22.222,0
872,64.612,16.664,22.222,500,22.222,0
871,64.552,16.662,22.222,500,22.222,0
870,64.492,16.66,22.222,500,22.222,0
869,64.432,16.659,22.222,500,22.222,0
868,64.372,16.657,22.222,500,22.222,0
867,64.312,16.655,22.222,500,22.222,0
866,64.252,16.653,22.222,500,22.222,0
865,64.192,16.651,22.222,500,22.222,0
864,64.132,16.649,22.222,500,22.222,0
863,64.072,16.648,22.222,500,22.222,0
862,64.012,16.646,22.222,500,22.222,0
861,63.952,16.644,22.222,500,22.222,0
860,63.892,16.642,22.222,500,22.222,0
859,63.831,16.64,22.222,500,22.222,0
858,63.771,16.638,22.222,500,22.222,0
857,63.711,16.637,22.222,500,22.222,0
856,63.651,16.635,22.222,500,22.222,0
855,63.591,16.633,22.222,500,22.222,0
854,63.531,16.631,22.222,500,22.222,0
853,63.471,16.629,22.222,500,22.222,0
852,63.411,16.627,22.222,500,22.222,0
851,63.35,16.626,22.222,500,22.222,0
850,63.29,16.624,22.222,500,22.222,0
849,63.23,16.622,22.222,500,22.222,0
848,63.17,16.62,22.222,500,22.222,0
847,63.11,16.618,22.222,500,22.222,0
846,63.05,16.616,22.222,500,22.222,0
845,62.989,16.615,22.222,500,22.222,0
844,62.929,16.613,22.222,500,22.222,0
843,62.869,16.611,22.222,500,22.222,0
842,62.809,16.609,22.222,500,22.222,0
841,62.749,16.607,22.222,500,22.222,0
840,62.688,16.605,22.222,500,22.222,0
839,62.628,16.604,22.222,500,22.222,0
838,62.568,16.602,22.222,500,22.222,0
837,62.508,16.6,22.222,500,22.222,0
836,62.448,16.598,22.222,500,22.222,0
835,62.387,16.596,22.222,500,22.222,0
834,62.327,16.594,22.222,500,22.222,0
833,62.267,16.593,22.222,500,22.222,0
832,62.206,16.591,22.222,500,22.222,0
831,62.146,16.589,22.222,500,22.222,0
830,62.086,16.587,22.222,500,22.222,0
829,62.026,16.585,22.222,500,22.222,0
828,61.965,16.583,22.222,500,22.222,0
827,61.905,16.582,22.222,500,22.222,0
826,61.845,16.58,22.222,500,22.222,0
825,61.784,16.578,22.222,500,22.222,0
824,61.724,16.576,22.222,500,22.222,0
823,61.664,16.574,22.222,500,22.222,0
822,61.603,16.572,22.222,500,22.222,0
821,61.543,16.571,22.222,500,22.222,0
820,61.483,16.569,22.222,500,22.222,0
819,61.422,16.567,22.222,500,22.222,0
818,61.362,16.565,22.222,500,22.222,0
817,61.302,16.563,22.222,500,22.222,0
816,61.241,16.561,22.222,500,22.222,0
815,61.181,16.56,22.222,500,22.222,0
814,61.12,16.558,22.222,500,22.222,0
813,61.06,16.556,22.222,500,22.222,0
812,61,16.554,22.222,500,22.222,0
811,60.939,16.552,22.222,500,22.222,0
810,60.879,16.55,22.222,500,22.222,0
809,60.818,16.549,22.222,500,22.222,0
808,60.758,16.547,22.222,500,22.222,0
807,60.698,16.545,22.222,500,22.222,0
806,60.637,16.543,22.222,500,22.222,0
805,60.577,16.541,22.222,500,22.222,0
804,60.516,16.539,22.222,500,22.222,0
803,60.456,16.538,22.222,500,22.222,0
802,60.395,16.536,22.222,500,22.222,0
801,60.335,16.534,22.222,500,22.222,0
800,60.274,16.532,22.222,500,22.222,0
799,60.214,16.53,22.222,500,22.222,0
798,60.153,16.528,22.222,500,22.222,0
797,60.093,16.527,22.222,500,22.222,0
796,60.032,16.525,22.222,500,22.222,0
795,59.972,16.523,22.222,500,22.222,0
794,59.911,16.521,22.222,500,22.222,0
793,59.851,16.519,22.222,500,22.222,0
792,59.79,16.517,22.222,500,22.222,0
791,59.73,16.515,22.222,500,22.222,0
790,59.669,16.514,22.222,500,22.222,0
789,59.608,16.512,22.222,500,22.222,0
788,59.548,16.51,22.222,500,22.222,0
787,59.487,16.508,22.222,500,22.222,0
786,59.427,16.506,22.222,500,22.222,0
785,59.366,16.504,22.222,500,22.222,0
784,59.306,16.503,22.222,500,22.222,0
783,59.245,16.501,22.222,500,22.222,0
782,59.184,16.499,22.222,500,22.222,0
781,59.124,16.497,22.222,500,22.222,0
780,59.063,16.495,22.222,500,22.222,0
779,59.003,16.493,22.222,500,22.222,0
778,58.942,16.492,22.222,500,22.222,0
777,58.881,16.49,22.222,500,22.222,0
776,58.821,16.488,22.222,500,22.222,0
775,58.76,16.486,22.222,500,22.222,0
774,58.699,16.484,22.222,500,22.222,0
773,58.639,16.482,22.222,500,22.222,0
772,58.578,16.481,22.222,500,22.222,0
771,58.517,16.479,22.222,500,22.222,0
770,58.457,16.477,22.222,500,22.222,0
769,58.396,16.475,22.222,500,22.222,0
768,58.335,16.473,22.222,500,22.222,0
767,58.274,16.471,22.222,500,22.222,0
766,58.214,16.47,22.222,500,22.222,0
765,58.153,16.468,22.222,500,22.222,0
764,58.092,16.466,22.222,500,22.222,0
763,58.032,16.464,22.222,500,22.222,0
762,57.971,16.462,22.222,500,22.222,0
761,57.91,16.46,22.222,500,22.222,0
760,57.849,16.458,22.222,500,22.222,0
759,57.789,16.457,22.222,500,22.222,0
758,57.728,16.455,22.222,500,22.222,0
757,57.667,16.453,22.222,500,22.222,0
756,57.606,16.451,22.222,500,22.222,0
755,57.545,16.449,22.222,500,22.222,0
754,57.485,16.447,22.222,500,22.222,0
753,57.424,16.446,22.222,500,22.222,0
752,57.363,16.444,22.222,500,22.222,0
751,57.302,16.442,22.222,500,22.222,0
750,57.241,16.44,22.222,500,22.222,0
749,57.181,16.438,22.222,500,22.222,0
748,57.12,16.436,22.222,500,22.222,0
747,57.059,16.435,22.222,500,22.222,0
746,56.998,16.433,22.222,500,22.222,0
745,56.937,16.431,22.222,500,22.222,0
744,56.876,16.429,22.222,500,22.222,0
743,56.815,16.427,22.222,500,22.222,0
742,56.755,16.425,22.222,500,22.222,0
741,56.694,16.424,22.222,500,22.222,0
740,56.633,16.422,22.222,500,22.222,0
739,56.572,16.42,22.222,500,22.222,0
738,56.511,16.418,22.222,500,22.222,0
737,56.45,16.416,22.222,500,22.222,0
736,56.389,16.414,22.222,500,22.222,0
735,56.328,16.413,22.222,500,22.222,0
734,56.267,16.411,22.222,500,22.222,0
733,56.206,16.409,22.222,500,22.222,0
732,56.145,16.407,22.222,500,22.222,0
731,56.084,16.405,22.222,500,22.222,0
730,56.023,16.403,22.222,500,22.222,0
729,55.963,16.401,22.222,500,22.222,0
728,55.902,16.4,22.222,500,22.222,0
727,55.841,16.398,22.222,500,22.222,0
726,55.78,16.396,22.222,500,22.222,0
725,55.719,16.394,22.222,500,22.222,0
724,55.658,16.392,22.222,500,22.222,0
723,55.597,16.39,22.222,500,22.222,0
722,55.536,16.389,22.222,500,22.222,0
721,55.475,16.387,22.222,500,22.222,0
720,55.414,16.385,22.222,500,22.222,0
719,55.352,16.383,22.222,500,22.222,0
718,55.291,16.381,22.222,500,22.222,0
717,55.23,16.379,22.222,500,22.222,0
716,55.169,16.378,22.222,500,22.222,0
715,55.108,16.376,22.222,500,22.222,0
714,55.047,16.374,22.222,500,22.222,0
713,54.986,16.372,22.222,500,22.222,0
712,54.925,16.37,22.222,500,22.222,0
711,54.864,16.368,22.222,500,22.222,0
710,54.803,16.367,22.222,500,22.222,0
709,54.742,16.365,22.222,500,22.222,0
708,54.681,16.363,22.222,500,22.222,0
707,54.62,16.361,22.222,500,22.222,0
706,54.558,16.359,22.222,500,22.222,0
705,54.497,16.357,22.222,500,22.222,0
704,54.436,16.355,22.222,500,22.222,0
703,54.375,16.354,22.222,500,22.222,0
702,54.314,16.352,22.222,500,22.222,0
701,54.253,16.35,22.222,500,22.222,0
700,54.192,16.348,22.222,500,22.222,0
699,54.13,16.346,22.222,500,22.222,0
698,54.069,16.344,22.222,500,22.222,0
697,54.008,16.343,22.222,500,22.222,0
696,53.947,16.341,22.222,500,22.222,0
695,53.886,16.339,22.222,500,22.222,0
694,53.824,16.337,22.222,500,22.222,0
693,53.763,16.335,22.222,500,22.222,0
692,53.702,16.333,22.222,500,22.222,0
691,53.641,16.332,22.222,500,22.222,0
690,53.579,16.33,22.222,500,22.222,0
689,53.518,16.328,22.222,500,22.222,0
688,53.457,16.326,22.222,500,22.222,0
687,53.396,16.324,22.222,500,22.222,0
686,53.334,16.322,22.222,500,22.222,0
685,53.273,16.32,22.222,500,22.222,0
684,53.212,16.319,22.222,500,22.222,0
683,53.151,16.317,22.222,500,22.222,0
682,53.089,16.315,22.222,500,22.222,0
681,53.028,16.313,22.222,500,22.222,0
680,52.967,16.311,22.222,500,22.222,0
679,52.905,16.309,22.222,500,22.222,0
678,52.844,16.308,22.222,500,22.222,0
677,52.783,16.306,22.222,500,22.222,0
676,52.721,16.304,22.222,500,22.222,0
675,52.66,16.302,22.222,500,22.222,0
674,52.599,16.3,22.222,500,22.222,0
673,52.537,16.298,22.222,500,22.222,0
672,52.476,16.297,22.222,500,22.222,0
671,52.415,16.295,22.222,500,22.222,0
670,52.353,16.293,22.222,500,22.222,0
669,52.292,16.291,22.222,500,22.222,0
668,52.231,16.289,22.222,500,22.222,0
667,52.169,16.287,22.222,500,22.222,0
666,52.108,16.285,22.222,500,22.222,0
665,52.046,16.284,22.222,500,22.222,0
664,51.985,16.282,22.222,500,22.222,0
663,51.924,16.28,22.222,500,22.222,0
662,51.862,16.278,22.222,500,22.222,0
661,51.801,16.276,22.222,500,22.222,0
660,51.739,16.274,22.222,500,22.222,0
659,51.678,16.273,22.222,500,22.222,0
658,51.616,16.271,22.222,500,22.222,0
657,51.555,16.269,22.222,500,22.222,0
656,51.493,16.267,22.222,500,22.222,0
655,51.432,16.265,22.222,500,22.222,0
654,51.37,16.263,22.222,500,22.222,0
653,51.309,16.261,22.222,500,22.222,0
652,51.247,16.26,22.222,500,22.222,0
651,51.186,16.258,22.222,500,22.222,0
650,51.124,16.256,22.222,500,22.222,0
649,51.063,16.254,22.222,500,22.222,0
648,51.001,16.252,22.222,500,22.222,0
647,50.94,16.25,22.222,500,22.222,0
646,50.878,16.249,22.222,500,22.222,0
645,50.817,16.247,22.222,500,22.222,0
644,50.755,16.245,22.222,500,22.222,0
643,50.694,16.243,22.222,500,22.222,0
642,50.632,16.241,22.222,500,22.222,0
641,50.57,16.239,22.222,500,22.222,0
640,50.509,16.238,22.222,500,22.222,0
639,50.447,16.236,22.222,500,22.222,0
638,50.386,16.234,22.222,500,22.222,0
637,50.324,16.232,22.222,500,22.222,0
636,50.262,16.23,22.222,500,22.222,0
635,50.201,16.228,22.222,500,22.222,0
634,50.139,16.226,22.222,500,22.222,0
633,50.078,16.225,22.222,500,22.222,0
632,50.016,16.223,22.222,500,22.222,0
631,49.954,16.221,22.222,500,22.222,0
630,49.893,16.219,22.222,500,22.222,0
629,49.831,16.217,22.222,500,22.222,0
628,49.769,16.215,22.222,500,22.222,0
627,49.708,16.214,22.222,500,22.222,0
626,49.646,16.212,22.222,500,22.222,0
625,49.584,16.21,22.222,500,22.222,0
624,49.523,16.208,22.222,500,22.222,0
623,49.461,16.206,22.222,500,22.222,0
622,49.399,16.204,22.222,500,22.222,0
621,49.337,16.202,22.222,500,22.222,0
620,49.276,16.201,22.222,500,22.222,0
619,49.214,16.199,22.222,500,22.222,0
618,49.152,16.197,22.222,500,22.222,0
617,49.091,16.195,22.222,500,22.222,0
616,49.029,16.193,22.222,500,22.222,0
615,48.967,16.191,22.222,500,22.222,0
614,48.905,16.19,22.222,500,22.222,0
613,48.844,16.188,22.222,500,22.222,0
612,48.782,16.186,22.222,500,22.222,0
611,48.72,16.184,22.222,500,22.222,0
610,48.658,16.182,22.222,500,22.222,0
609,48.596,16.18,22.222,500,22.222,0
608,48.535,16.178,22.222,500,22.222,0
607,48.473,16.177,22.222,500,22.222,0
606,48.411,16.175,22.222,500,22.222,0
605,48.349,16.173,22.222,500,22.222,0
604,48.287,16.171,22.222,500,22.222,0
603,48.225,16.169,22.222,500,22.222,0
602,48.164,16.167,22.222,500,22.222,0
601,48.102,16.166,22.222,500,22.222,0
600,48.04,16.164,22.222,500,22.222,0
599,47.978,16.162,22.222,500,22.222,0
598,47.916,16.16,22.222,500,22.222,0
597,47.854,16.158,22.222,500,22.222,0
596,47.792,16.156,22.222,500,22.222,0
595,47.73,16.154,22.222,500,22.222,0
594,47.669,16.153,22.222,500,22.222,0
593,47.607,16.151,22.222,500,22.222,0
592,47.545,16.149,22.222,500,22.222,0
591,47.483,16.147,22.222,500,22.222,0
590,47.421,16.145,22.222,500,22.222,0
589,47.359,16.143,22.222,500,22.222,0
588,47.297,16.142,22.222,500,22.222,0
587,47.235,16.14,22.222,500,22.222,0
586,47.173,16.138,22.222,500,22.222,0
585,47.111,16.136,22.222,500,22.222,0
584,47.049,16.134,22.222,500,22.222,0
583,46.987,16.132,22.222,500,22.222,0
582,46.925,16.13,22.222,500,22.222,0
581,46.863,16.129,22.222,500,22.222,0
580,46.801,16.127,22.222,500,22.222,0
579,46.739,16.125,22.222,500,22.222,0
578,46.677,16.123,22.222,500,22.222,0
577,46.615,16.121,22.222,500,22.222,0
576,46.553,16.119,22.222,500,22.222,0
575,46.491,16.118,22.222,500,22.222,0
574,46.429,16.116,22.222,500,22.222,0
573,46.367,16.114,22.222,500,22.222,0
572,46.305,16.112,22.222,500,22.222,0
571,46.243,16.11,22.222,500,22.222,0
570,46.181,16.108,22.222,500,22.222,0
569,46.119,16.106,22.222,500,22.222,0
568,46.056,16.105,22.222,500,22.222,0
567,45.994,16.103,22.222,500,22.222,0
566,45.932,16.101,22.222,500,22.222,0
565,45.87,16.099,22.222,500,22.222,0
564,45.808,16.097,22.222,500,22.222,0
563,45.746,16.095,22.222,500,22.222,0
562,45.684,16.093,22.222,500,22.222,0
561,45.622,16.092,22.222,500,22.222,0
560,45.559,16.09,22.222,500,22.222,0
559,45.497,16.088,22.222,500,22.222,0
558,45.435,16.086,22.222,500,22.222,0
557,45.373,16.084,22.222,500,22.222,0
556,45.311,16.082,22.222,500,22.222,0
555,45.249,16.081,22.222,500,22.222,0
554,45.186,16.079,22.222,500,22.222,0
553,45.124,16.077,22.222,500,22.222,0
552,45.062,16.075,22.222,500,22.222,0
551,45,16.073,22.222,500,22.222,0
550,44.938,16.071,22.222,500,22.222,0
549,44.875,16.069,22.222,500,22.222,0
548,44.813,16.068,22.222,500,22.222,0
547,44.751,16.066,22.222,500,22.222,0
546,44.689,16.064,22.222,500,22.222,0
545,44.626,16.062,22.222,500,22.222,0
544,44.564,16.06,22.222,500,22.222,0
543,44.502,16.058,22.222,500,22.222,0
542,44.44,16.057,22.222,500,22.222,0
541,44.377,16.055,22.222,500,22.222,0
540,44.315,16.053,22.222,500,22.222,0
539,44.253,16.051,22.222,500,22.222,0
538,44.19,16.049,22.222,500,22.222,0
537,44.128,16.047,22.222,500,22.222,0
536,44.066,16.045,22.222,500,22.222,0
535,44.003,16.044,22.222,500,22.222,0
534,43.941,16.042,22.222,500,22.222,0
533,43.879,16.04,22.222,500,22.222,0
532,43.816,16.038,22.222,500,22.222,0
531,43.754,16.036,22.222,500,22.222,0
530,43.692,16.034,22.222,500,22.222,0
529,43.629,16.032,22.222,500,22.222,0
528,43.567,16.031,22.222,500,22.222,0
527,43.505,16.029,22.222,500,22.222,0
526,43.442,16.027,22.222,500,22.222,0
525,43.38,16.025,22.222,500,22.222,0
524,43.317,16.023,22.222,500,22.222,0
523,43.255,16.021,22.222,500,22.222,0
522,43.193,16.02,22.222,500,22.222,0
521,43.13,16.018,22.222,500,22.222,0
520,43.068,16.016,22.222,500,22.222,0
519,43.005,16.014,22.222,500,22.222,0
518,42.943,16.012,22.222,500,22.222,0
517,42.88,16.01,22.222,500,22.222,0
516,42.818,16.008,22.222,500,22.222,0
515,42.755,16.007,22.222,500,22.222,0
514,42.693,16.005,22.222,500,22.222,0
513,42.63,16.003,22.222,500,22.222,0
512,42.568,16.001,22.222,500,22.222,0
511,42.505,15.999,22.222,500,22.222,0
510,42.443,15.997,22.222,500,22.222,0
509,42.38,15.995,22.222,500,22.222,0
508,42.318,15.994,22.222,500,22.222,0
507,42.255,15.992,22.222,500,22.222,0
506,42.193,15.99,22.222,500,22.222,0
505,42.13,15.988,22.222,500,22.222,0
504,42.068,15.986,22.222,500,22.222,0
503,42.005,15.984,22.222,500,22.222,0
502,41.943,15.982,22.222,500,22.222,0
501,41.88,15.981,22.222,500,22.222,0
500,41.817,15.979,22.222,500,0,0
499,41.755,15.977,22.222,499,0,0
498,41.692,15.975,22.222,498,0,0
497,41.63,15.973,22.222,497,0,0
496,41.567,15.971,22.222,496,0,0
495,41.504,15.97,22.222,495,0,0
494,41.442,15.968,22.222,494,0,0
493,41.379,15.966,22.222,493,0,0
492,41.317,15.964,22.222,492,0,0
491,41.254,15.962,22.222,491,0,0
490,41.191,15.96,22.222,490,0,0
489,41.129,15.958,22.222,489,0,0
488,41.066,15.957,22.222,488,0,0
487,41.003,15.955,22.222,487,0,0
486,40.941,15.953,22.222,486,0,0
485,40.878,15.951,22.222,485,0,0
484,40.815,15.949,22.222,484,0,0
483,40.753,15.947,22.222,483,0,0
482,40.69,15.945,22.222,482,0,0
481,40.627,15.944,22.222,481,0,0
480,40.564,15.942,22.222,480,0,0
479,40.502,15.94,22.222,479,0,0
478,40.439,15.938,22.222,478,0,0
477,40.376,15.936,22.222,477,0,0
476,40.313,15.934,22.222,476,0,0
475,40.251,15.932,22.222,475,0,0
474,40.188,15.931,22.222,474,0,0
473,40.125,15.929,22.222,473,0,0
472,40.062,15.927,22.222,472,0,0
471,40,15.925,22.222,471,0,0
470,39.937,15.923,22.222,470,0,0
469,39.874,15.921,22.222,469,0,0
468,39.811,15.919,22.222,468,0,0
467,39.748,15.918,22.222,467,0,0
466,39.685,15.916,22.222,466,0,0
465,39.623,15.914,22.222,465,0,0
464,39.56,15.912,22.222,464,0,0
463,39.497,15.91,22.222,463,0,0
462,39.434,15.908,22.222,462,0,0
461,39.371,15.907,22.222,461,0,0
460,39.308,15.905,22.222,460,0,0
459,39.245,15.903,22.222,459,0,0
458,39.183,15.901,22.222,458,0,0
457,39.12,15.899,22.222,457,0,0
456,39.057,15.897,22.222,456,0,0
455,38.994,15.895,22.222,455,0,0
454,38.931,15.894,22.222,454,0,0
453,38.868,15.892,22.222,453,0,0
452,38.805,15.89,22.222,452,0,0
451,38.742,15.888,22.222,451,0,0
450,38.679,15.886,22.222,450,0,0
449,38.616,15.884,22.222,449,0,0
448,38.553,15.882,22.222,448,0,0
447,38.49,15.881,22.222,447,0,0
446,38.427,15.879,22.222,446,0,0
445,38.364,15.877,22.222,445,0,0
444,38.301,15.875,22.222,444,0,0
443,38.238,15.873,22.222,443,0,0
442,38.175,15.871,22.222,442,0,0
441,38.112,15.869,22.222,441,0,0
440,38.049,15.868,22.222,440,0,0
439,37.986,15.866,22.222,439,0,0
438,37.923,15.864,22.222,438,0,0
437,37.86,15.862,22.222,437,0,0
436,37.797,15.86,22.222,436,0,0
435,37.734,15.858,22.222,435,0,0
434,37.671,15.856,22.222,434,0,0
433,37.608,15.855,22.222,433,0,0
432,37.545,15.853,22.222,432,0,0
431,37.482,15.851,22.222,431,0,0
430,37.419,15.849,22.222,430,0,0
429,37.356,15.847,22.222,429,0,0
428,37.293,15.845,22.222,428,0,0
427,37.229,15.843,22.222,427,0,0
426,37.166,15.842,22.222,426,0,0
425,37.103,15.84,22.222,425,0,0
424,37.04,15.838,22.222,424,0,0
423,36.977,15.836,22.222,423,0,0
422,36.914,15.834,22.222,422,0,0
421,36.851,15.832,22.222,421,0,0
420,36.787,15.83,22.222,420,0,0
419,36.724,15.829,22.222,419,0,0
418,36.661,15.827,22.222,418,0,0
417,36.598,15.825,22.222,417,0,0
416,36.535,15.823,22.222,416,0,0
415,36.472,15.821,22.222,415,0,0
414,36.408,15.819,22.222,414,0,0
413,36.345,15.817,22.222,413,0,0
412,36.282,15.816,22.222,412,0,0
411,36.219,15.814,22.222,411,0,0
410,36.155,15.812,22.222,410,0,0
409,36.092,15.81,22.222,409,0,0
408,36.029,15.808,22.222,408,0,0
407,35.966,15.806,22.222,407,0,0
406,35.902,15.804,22.222,406,0,0
405,35.839,15.803,22.222,405,0,0
404,35.776,15.801,22.222,404,0,0
403,35.713,15.799,22.222,403,0,0
402,35.649,15.797,22.222,402,0,0
401,35.586,15.795,22.222,401,0,0
400,35.523,15.793,22.222,400,0,0
399,35.459,15.791,22.222,399,0,0
398,35.396,15.79,22.222,398,0,0
397,35.333,15.788,22.222,397,0,0
396,35.269,15.786,22.222,396,0,0
395,35.206,15.784,22.222,395,0,0
394,35.143,15.782,22.222,394,0,0
393,35.079,15.78,22.222,393,0,0
392,35.016,15.778,22.222,392,0,0
391,34.952,15.777,22.222,391,0,0
390,34.889,15.775,22.222,390,0,0
389,34.826,15.773,22.222,389,0,0
388,34.762,15.771,22.222,388,0,0
387,34.699,15.769,22.222,387,0,0
386,34.635,15.767,22.222,386,0,0
385,34.572,15.765,22.222,385,0,0
384,34.509,15.764,22.222,384,0,0
383,34.445,15.762,22.222,383,0,0
382,34.382,15.76,22.222,382,0,0
381,34.318,15.758,22.222,381,0,0
380,34.255,15.756,22.222,380,0,0
379,34.191,15.754,22.222,379,0,0
378,34.128,15.752,22.222,378,0,0
377,34.064,15.751,22.222,377,0,0
376,34.001,15.749,22.222,376,0,0
375,33.937,15.747,22.222,375,0,0
374,33.874,15.745,22.222,374,0,0
373,33.81,15.743,22.222,373,0,0
372,33.747,15.741,22.222,372,0,0
371,33.683,15.739,22.222,371,0,0
370,33.62,15.738,22.222,370,0,0
369,33.556,15.736,22.222,369,0,0
368,33.493,15.734,22.222,368,0,0
367,33.429,15.732,22.222,367,0,0
366,33.365,15.73,22.222,366,0,0
365,33.302,15.728,22.222,365,0,0
364,33.238,15.726,22.222,364,0,0
363,33.175,15.725,22.222,363,0,0
362,33.111,15.723,22.222,362,0,0
361,33.048,15.721,22.222,361,0,0
360,32.984,15.719,22.222,360,0,0
359,32.92,15.717,22.222,359,0,0
358,32.857,15.715,22.222,358,0,0
357,32.793,15.713,22.222,357,0,0
356,32.729,15.712,22.222,356,0,0
355,32.666,15.71,22.222,355,0,0
354,32.602,15.708,22.222,354,0,0
353,32.538,15.706,22.222,353,0,0
352,32.475,15.704,22.222,352,0,0
351,32.411,15.702,22.222,351,0,0
350,32.347,15.7,22.222,350,0,0
349,32.284,15.699,22.222,349,0,0
348,32.22,15.697,22.222,348,0,0
347,32.156,15.695,22.222,347,0,0
346,32.093,15.693,22.222,346,0,0
345,32.029,15.691,22.222,345,0,0
344,31.965,15.689,22.222,344,0,0
343,31.901,15.687,22.222,343,0,0
342,31.838,15.686,22.222,342,0,0
341,31.774,15.684,22.222,341,0,0
340,31.71,15.682,22.222,340,0,0
339,31.646,15.68,22.222,339,0,0
338,31.583,15.678,22.222,338,0,0
337,31.519,15.676,22.222,337,0,0
336,31.455,15.674,22.222,336,0,0
335,31.391,15.673,22.222,335,0,0
334,31.327,15.671,22.222,334,0,0
333,31.264,15.669,22.222,333,0,0
332,31.2,15.667,22.222,332,0,0
331,31.136,15.665,22.222,331,0,0
330,31.072,15.663,22.222,330,0,0
329,31.008,15.661,22.222,329,0,0
328,30.944,15.659,22.222,328,0,0
327,30.88,15.658,22.222,327,0,0
326,30.817,15.656,22.222,326,0,0
325,30.753,15.654,22.222,325,0,0
324,30.689,15.652,22.222,324,0,0
323,30.625,15.65,22.222,323,0,0
322,30.561,15.648,22.222,322,0,0
321,30.497,15.646,22.222,321,0,0
320,30.433,15.645,22.222,320,0,0
319,30.369,15.643,22.222,319,0,0
318,30.305,15.641,22.222,318,0,0
317,30.241,15.639,22.222,317,0,0
316,30.177,15.637,22.222,316,0,0
315,30.113,15.635,22.222,315,0,0
314,30.05,15.633,22.222,314,0,0
313,29.986,15.632,22.222,313,0,0
312,29.922,15.63,22.222,312,0,0
311,29.858,15.628,22.222,311,0,0
310,29.794,15.626,22.222,310,0,0
309,29.73,15.624,22.222,309,0,0
308,29.666,15.622,22.222,308,0,0
307,29.602,15.62,22.222,307,0,0
306,29.538,15.619,22.222,306,0,0
305,29.474,15.617,22.222,305,0,0
304,29.409,15.615,22.222,304,0,0
303,29.345,15.613,22.222,303,0,0
302,29.281,15.611,22.222,302,0,0
301,29.217,15.609,22.222,301,0,0
300,29.153,15.607,22.222,300,0,0
299,29.089,15.594,22.222,299,0,0
298,29.025,15.581,22.222,298,0,0
297,28.961,15.568,22.222,297,0,0
296,28.897,15.555,22.222,296,0,0
295,28.832,15.541,22.222,295,0,0
294,28.768,15.528,22.222,294,0,0
293,28.703,15.515,22.222,293,0,0
292,28.639,15.502,22.222,292,0,0
291,28.574,15.488,22.222,291,0,0
290,28.51,15.475,22.222,290,0,0
289,28.445,15.462,22.222,289,0,0
288,28.38,15.448,22.222,288,0,0
287,28.316,15.435,22.222,287,0,0
286,28.251,15.422,22.222,286,0,0
285,28.186,15.409,22.222,285,0,0
284,28.121,15.395,22.222,284,0,0
283,28.056,15.382,22.222,283,0,0
282,27.991,15.369,22.222,282,0,0
281,27.926,15.355,22.222,281,0,0
280,27.861,15.342,22.222,280,0,0
279,27.796,15.328,22.222,279,0,0
278,27.73,15.315,22.222,278,0,0
277,27.665,15.302,22.222,277,0,0
276,27.6,15.288,22.222,276,0,0
275,27.534,15.275,22.222,275,0,0
274,27.469,15.261,22.222,274,0,0
273,27.403,15.248,22.222,273,0,0
272,27.338,15.234,22.222,272,0,0
271,27.272,15.221,22.222,271,0,0
270,27.206,15.207,22.222,270,0,0
269,27.14,15.194,22.222,269,0,0
268,27.075,15.18,22.222,268,0,0
267,27.009,15.167,22.222,267,0,0
266,26.943,15.153,22.222,266,0,0
265,26.877,15.14,22.222,265,0,0
264,26.811,15.126,22.222,264,0,0
263,26.744,15.113,22.222,263,0,0
262,26.678,15.099,22.222,262,0,0
261,26.612,15.086,22.222,261,0,0
260,26.546,15.072,22.222,260,0,0
259,26.479,15.058,22.222,259,0,0
258,26.413,15.045,22.222,258,0,0
257,26.346,15.031,22.222,257,0,0
256,26.28,15.018,22.222,256,0,0
255,26.213,15.004,22.222,255,0,0
254,26.146,14.99,22.222,254,0,0
253,26.08,14.977,22.222,253,0,0
252,26.013,14.963,22.222,252,0,0
251,25.946,14.949,22.222,251,0,0
250,25.879,14.935,22.222,250,0,0
249,25.812,14.922,22.222,249,0,0
248,25.745,14.908,22.222,248,0,0
247,25.678,14.894,22.222,247,0,0
246,25.611,14.881,22.222,246,0,0
245,25.544,14.867,22.222,245,0,0
244,25.476,14.853,22.222,244,0,0
243,25.409,14.839,22.222,243,0,0
242,25.342,14.825,22.222,242,0,0
241,25.274,14.812,22.222,241,0,0
240,25.206,14.798,22.222,240,0,0
239,25.139,14.784,22.222,239,0,0
238,25.071,14.77,22.222,238,0,0
237,25.003,14.756,22.222,237,0,0
236,24.936,14.742,22.222,236,0,0
235,24.868,14.729,22.222,235,0,0
234,24.8,14.715,22.222,234,0,0
233,24.732,14.701,22.222,233,0,0
232,24.664,14.687,22.222,232,0,0
231,24.596,14.673,22.222,231,0,0
230,24.528,14.659,22.222,230,0,0
229,24.459,14.645,22.222,229,0,0
228,24.391,14.631,22.222,228,0,0
227,24.323,14.617,22.222,227,0,0
226,24.254,14.603,22.222,226,0,0
225,24.186,14.589,22.222,225,0,0
224,24.117,14.575,22.222,224,0,0
223,24.048,14.561,22.222,223,0,0
222,23.98,14.547,22.222,222,0,0
221,23.911,14.533,22.222,221,0,0
220,23.842,14.519,22.222,220,0,0
219,23.773,14.505,22.222,219,0,0
218,23.704,14.491,22.222,218,0,0
217,23.635,14.477,22.222,217,0,0
216,23.566,14.463,22.222,216,0,0
215,23.497,14.448,22.222,215,0,0
214,23.428,14.434,22.222,214,0,0
213,23.358,14.42,22.222,213,0,0
212,23.289,14.406,22.222,212,0,0
211,23.219,14.392,22.222,211,0,0
210,23.15,14.378,22.222,210,0,0
209,23.08,14.363,22.222,209,0,0
208,23.011,14.349,22.222,208,0,0
207,22.941,14.335,22.222,207,0,0
206,22.871,14.321,22.222,206,0,0
205,22.801,14.307,22.222,205,0,0
204,22.731,14.292,22.222,204,0,0
203,22.661,14.278,22.222,203,0,0
202,22.591,14.264,22.222,202,0,0
201,22.521,14.249,22.222,201,0,0
200,22.451,14.235,22.222,200,0,0
199,22.381,14.221,22.222,199,0,0
198,22.31,14.206,22.222,198,0,0
197,22.24,14.192,22.222,197,0,0
196,22.169,14.178,22.222,196,0,0
195,22.099,14.163,22.222,195,0,0
194,22.028,14.149,22.222,194,0,0
193,21.957,14.135,22.222,193,0,0
192,21.887,14.12,22.222,192,0,0
191,21.816,14.106,22.222,191,0,0
190,21.745,14.091,22.222,190,0,0
189,21.674,14.077,22.222,189,0,0
188,21.603,14.062,22.222,188,0,0
187,21.532,14.048,22.222,187,0,0
186,21.46,14.033,22.222,186,0,0
185,21.389,14.019,22.222,185,0,0
184,21.318,14.004,22.222,184,0,0
183,21.246,13.99,22.222,183,0,0
182,21.175,13.975,22.222,182,0,0
181,21.103,13.961,22.222,181,0,0
180,21.032,13.946,22.222,180,0,0
179,20.96,13.931,22.222,179,0,0
178,20.888,13.917,22.222,178,0,0
177,20.816,13.902,22.222,177,0,0
176,20.744,13.888,22.222,176,0,0
175,20.672,13.873,22.222,175,0,0
174,20.6,13.858,22.222,174,0,0
173,20.528,13.844,22.222,173,0,0
172,20.456,13.829,22.222,172,0,0
171,20.383,13.814,22.222,171,0,0
170,20.311,13.799,22.222,170,0,0
169,20.238,13.785,22.222,169,0,0
168,20.166,13.77,22.222,168,0,0
167,20.093,13.755,22.222,167,0,0
166,20.02,13.74,22.222,166,0,0
165,19.947,13.726,22.222,165,0,0
164,19.875,13.711,22.222,164,0,0
163,19.802,13.696,22.222,163,0,0
162,19.729,13.681,22.222,162,0,0
161,19.655,13.666,22.222,161,0,0
160,19.582,13.651,22.222,160,0,0
159,19.509,13.637,22.222,159,0,0
158,19.435,13.622,22.222,158,0,0
157,19.362,13.607,22.222,157,0,0
156,19.289,13.592,22.222,156,0,0
155,19.215,13.577,22.222,155,0,0
154,19.141,13.562,22.222,154,0,0
153,19.067,13.547,22.222,153,0,0
152,18.994,13.532,22.222,152,0,0
151,18.92,13.517,22.222,151,0,0
150,18.846,13.502,22.222,150,0,0
149,18.771,13.487,22.222,149,0,0
148,18.697,13.472,22.222,148,0,0
147,18.623,13.457,22.222,147,0,0
146,18.549,13.442,22.222,146,0,0
145,18.474,13.427,22.222,145,0,0
144,18.4,13.412,22.222,144,0,0
143,18.325,13.396,22.222,143,0,0
142,18.25,13.381,22.222,142,0,0
141,18.176,13.366,22.222,141,0,0
140,18.101,13.351,22.222,140,0,0
139,18.026,13.336,22.222,139,0,0
138,17.951,13.321,22.222,138,0,0
137,17.876,13.305,22.222,137,0,0
136,17.801,13.29,22.222,136,0,0
135,17.725,13.275,22.222,135,0,0
134,17.65,13.26,22.222,134,0,0
133,17.574,13.244,22.222,133,0,0
132,17.499,13.229,22.222,132,0,0
131,17.423,13.214,22.222,131,0,0
130,17.347,13.198,22.222,130,0,0
129,17.272,13.183,22.222,129,0,0
128,17.196,13.168,22.222,128,0,0
127,17.12,13.152,22.222,127,0,0
126,17.044,13.137,22.222,126,0,0
125,16.968,13.121,22.222,125,0,0
124,16.891,13.106,22.222,124,0,0
123,16.815,13.09,22.222,123,0,0
122,16.738,13.075,22.222,122,0,0
121,16.662,13.06,22.222,121,0,0
120,16.585,13.044,22.222,120,0,0
119,16.509,13.028,22.222,119,0,0
118,16.432,13.013,22.222,118,0,0
117,16.355,12.997,22.222,117,0,0
116,16.278,12.982,22.222,116,0,0
115,16.201,12.966,22.222,115,0,0
114,16.124,12.951,22.222,114,0,0
113,16.046,12.935,22.222,113,0,0
112,15.969,12.919,22.222,112,0,0
111,15.892,12.904,22.222,111,0,0
110,15.814,12.888,22.222,110,0,0
109,15.736,12.872,22.222,109,0,0
108,15.659,12.857,22.222,108,0,0
107,15.581,12.841,22.222,107,0,0
106,15.503,12.825,22.222,106,0,0
105,15.425,12.809,22.222,105,0,0
104,15.347,12.794,22.222,104,0,0
103,15.269,12.778,22.222,103,0,0
102,15.19,12.762,22.222,102,0,0
101,15.112,12.746,22.222,101,0,0
100,15.033,12.73,22.222,100,0,0
99,14.955,12.714,22.222,99,0,0
98,14.876,12.699,22.222,98,0,0
97,14.797,12.683,22.222,97,0,0
96,14.718,12.667,22.222,96,0,0
95,14.639,12.651,22.222,95,0,0
94,14.56,12.635,22.222,94,0,0
93,14.481,12.619,22.222,93,0,0
92,14.402,12.603,22.222,92,0,0
91,14.322,12.587,22.222,91,0,0
90,14.243,12.571,22.222,90,0,0
89,14.163,12.555,22.222,89,0,0
88,14.084,12.539,22.222,88,0,0
87,14.004,12.523,22.222,87,0,0
86,13.924,12.506,22.222,86,0,0
85,13.844,12.49,22.222,85,0,0
84,13.764,12.474,22.222,84,0,0
83,13.684,12.458,22.222,83,0,0
82,13.603,12.442,22.222,82,0,0
81,13.523,12.426,22.222,81,0,0
80,13.442,12.409,22.222,80,0,0
79,13.362,12.393,22.222,79,0,0
78,13.281,12.377,22.222,78,0,-0.30171
77,13.2,12.341,22.222,77,0,-0.95
76,13.119,12.261,22.222,76,0,-0.95
75,13.037,12.18,22.222,75,0,-0.95
74,12.955,12.1,22.222,74,0,-0.95
73,12.872,12.02,22.222,73,0,-0.99957
72,12.788,11.936,22.222,72,0,-0.9
71,12.704,11.826,22.222,71,0,-0.69184
70,12.619,11.762,22.222,70,0,-0.9
69,12.534,11.679,22.222,69,0,-0.99632
68,12.448,11.593,22.222,68,0,-0.9
67,12.361,11.487,22.222,67,0,-0.68388
66,12.274,11.421,22.222,66,0,-1
65,12.186,11.331,22.222,65,0,-0.85
64,12.097,11.231,22.222,64,0,-0.93501
63,12.008,11.147,22.222,63,0,-0.85
62,11.918,11.054,22.222,62,0,-0.94124
61,11.827,10.968,22.222,61,0,-0.8
60,11.736,10.876,22.222,60,0,-0.95525
59,11.643,10.786,22.222,59,0,-1
58,11.55,10.68,22.222,58,0,-0.8
57,11.456,10.601,22.222,57,0,-1
56,11.361,10.505,22.222,56,0,-1
55,11.266,10.4,22.222,55,0,-0.99789
54,11.169,10.303,22.222,54,0,-1
53,11.071,10.199,22.222,53,0,-0.73838
52,10.973,10.121,22.222,52,0,-1
51,10.874,10.019,22.222,51,0,-0.94312
50,10.773,9.9238,22.222,50,0,-0.95
49,10.672,9.819,22.222,49,0,-0.99758
48,10.57,9.717,22.222,48,0,-0.95
47,10.466,9.5837,22.222,47,0,-0.73682
46,10.361,9.5011,22.222,46,0,-0.9
45,10.256,9.4017,22.222,45,0,-1
44,10.149,9.2914,22.222,44,0,-0.9
43,10.04,9.169,22.222,43,0,-0.91786
42,9.9306,9.0668,22.222,42,0,-0.85
41,9.8196,8.9558,22.222,41,0,-0.96832
40,9.7072,8.8465,22.222,40,0,-0.85
39,9.5935,8.7336,22.222,39,0,-0.93627
38,9.4783,8.6245,22.222,38,0,-1
37,9.3615,8.4989,22.222,37,0,-0.98928
36,9.243,8.3817,22.222,36,0,-1
35,9.1228,8.2584,22.222,35,0,-0.93359
34,9.0009,8.1432,22.222,34,0,-0.95
33,8.8771,8.0183,22.222,33,0,-0.88318
32,8.7515,7.9048,22.222,32,0,-1
31,8.6239,7.7679,22.222,31,0,-0.9
30,8.494,7.633,22.222,30,0,-0.94729
29,8.3619,7.5069,22.222,29,0,-1
28,8.2274,7.359,22.222,28,0,-0.79279
27,8.0904,7.2453,22.222,27,0,-1
26,7.951,7.0958,22.222,26,0,-0.98939
25,7.8086,6.9551,22.222,25,0,-0.95
24,7.6631,6.7857,22.222,24,0,-0.79258
23,7.5144,6.6622,22.222,23,0,-1
22,7.3625,6.5065,22.222,22,0,-1
21,7.2068,6.3384,22.222,21,0,-0.83438
20,7.0473,6.2008,22.222,20,0,-1
19,6.8839,6.0365,22.222,19,0,-0.9
18,6.7156,5.8494,22.222,18,0,-0.94725
17,6.5422,5.6842,22.222,17,0,-1
16,6.3633,5.4978,22.222,16,0,-0.93364
15,6.1785,5.3237,22.222,15,0,-0.9
14,5.9874,5.1414,22.222,14,0,-1
13,5.789,4.9413,22.222,13,0,-0.95
12,5.5825,4.7416,22.222,12,0,-1
11,5.3666,4.5238,22.222,11,0,-1
10,5.1397,4.2906,22.222,10,0,-1
9,4.8994,4.0304,22.222,9,0,-0.8522
8,4.6442,3.807,22.222,8,0,-1
7,4.3713,3.5218,22.222,7,0,-1
6,4.0748,3.2236,22.222,6,0,-0.95
5,3.7485,2.9053,22.222,5,0,-0.95
4,3.3815,2.545,22.222,4,0,-1
3,2.9517,2.1083,22.222,3,0,-0.95
2,2.4086,1.5744,22.222,2,0,-0.55
1,1.6515,1.067,22.222,1,0,-0.88513
